;word;text_nr;word_frequency;trial_nr
0;Beim;text_01;0.000871;1
1;Anblick;text_01;1.29e-05;2
2;der;text_01;0.0288;3
3;Tiere;text_01;7.08e-05;4
4;wird;text_01;0.00316;5
5;klar;text_01;0.000363;6
6;warum;text_01;0.000562;7
7;die;text_01;0.0302;8
8;Seeleute;text_01;1.29e-06;9
9;vergangener;text_01;2.63e-06;10
10;Jahrhunderte;text_01;1.07e-05;11
11;Angst;text_01;0.000148;12
12;vor;text_01;0.00204;13
13;Seeungeheuern;text_01;1.91e-08;14
14;hatten;text_01;0.000331;15
15;Meterlange;text_01;6.03e-08;16
16;Fangarme;text_01;7.41e-08;17
17;spitze;text_01;5.5e-05;18
18;Mäuler;text_01;3.09e-07;19
19;und;text_01;0.0263;20
20;riesige;text_01;1.95e-05;21
21;Augen;text_01;0.000178;22
22;verleihen;text_01;9.55e-06;23
23;den;text_01;0.01;24
24;großen;text_01;0.000355;25
25;Kalmaren;text_01;0.0;26
26;ein;text_01;0.00813;27
27;furchterregendes;text_01;4.27e-08;28
28;Aussehen;text_01;6.03e-05;29
29;Vor;text_01;0.00204;30
30;der;text_01;0.0288;31
31;Küste;text_01;2e-05;32
32;Chiles;text_01;8.32e-07;33
33;sind;text_01;0.00398;34
34;sie;text_01;0.00661;35
35;aktuell;text_01;7.94e-05;36
36;in;text_01;0.0174;37
37;Massen;text_01;1.51e-05;38
38;zu;text_01;0.0102;39
39;sehen;text_01;0.00049;40
40;Hunderte;text_01;1.95e-05;41
41;von;text_01;0.00977;42
42;riesigen;text_01;1.95e-05;43
43;Tintenfischen;text_01;8.71e-08;44
44;schwimmen;text_01;2.4e-05;45
45;in;text_01;0.0174;46
46;den;text_01;0.01;47
47;flachen;text_01;7.24e-06;48
48;Gewässern;text_01;3.72e-06;49
49;und;text_01;0.0263;50
50;fressen;text_01;1.35e-05;51
51;dort;text_01;0.000603;52
52;die;text_01;0.0302;53
53;Fische;text_01;1.48e-05;54
54;Normalerweise;text_01;3.24e-05;55
55;sind;text_01;0.00398;56
56;die;text_01;0.0302;57
57;großen;text_01;0.000355;58
58;Kalmare;text_01;3.55e-08;59
59;nur;text_01;0.00331;60
60;schwer;text_01;0.000195;61
61;zu;text_01;0.0102;62
62;beobachten;text_01;3.16e-05;63
63;Sie;text_01;0.00661;64
64;leben;text_01;0.000724;65
65;eigentlich;text_01;0.00038;66
66;im;text_01;0.00724;67
67;offenen;text_01;3.8e-05;68
68;Meer;text_01;5.25e-05;69
69;Nur;text_01;0.00331;70
70;nachts;text_01;3.89e-05;71
71;kommen;text_01;0.000513;72
72;sie;text_01;0.00661;73
73;an;text_01;0.0049;74
74;die;text_01;0.0302;75
75;Oberfläche;text_01;2.34e-05;76
76;um;text_01;0.00288;77
77;kleine;text_01;0.000263;78
78;Fische;text_01;1.48e-05;79
79;zu;text_01;0.0102;80
80;jagen;text_01;1.05e-05;81
81;Seit;text_01;0.000813;82
82;zwei;text_01;0.000871;83
83;Wochen;text_01;0.000182;84
84;aber;text_01;0.00427;85
85;sind;text_01;0.00398;86
86;sie;text_01;0.00661;87
87;auch;text_01;0.00603;88
88;bei;text_01;0.00457;89
89;Tageslicht;text_01;5.01e-06;90
90;vor;text_01;0.00204;91
91;der;text_01;0.0288;92
92;Küste;text_01;2e-05;93
93;zu;text_01;0.0102;94
94;sehen;text_01;0.00049;95
95;Zunächst;text_01;0.000174;96
96;wurden;text_01;0.000646;97
97;mehr;text_01;0.00214;98
98;als;text_01;0.00513;99
99;200;text_01;5.28e-06;100
100;Kalmare;text_01;3.55e-08;101
101;vor;text_01;0.00204;102
102;einer;text_01;0.00263;103
103;Insel;text_01;5.89e-05;104
104;vor;text_01;0.00204;105
105;Chile;text_01;7.94e-06;106
106;gesichtet;text_01;5.13e-06;107
107;Später;text_01;0.000316;108
108;wurden;text_01;0.000646;109
109;dann;text_01;0.00224;110
110;weitere;text_01;0.000309;111
111;Kalmare;text_01;3.55e-08;112
112;an;text_01;0.0049;113
113;anderen;text_01;0.000692;114
114;Orten;text_01;2.69e-05;115
115;entlang;text_01;4.37e-05;116
116;der;text_01;0.0288;117
117;Küste;text_01;2e-05;118
118;Chiles;text_01;8.32e-07;119
119;beobachtet;text_01;3.24e-05;120
120;Vor;text_01;0.00204;121
121;allem;text_01;0.00038;122
122;für;text_01;0.00759;123
123;die;text_01;0.0302;124
124;Fischer;text_01;4.17e-05;125
125;ist;text_01;0.012;126
126;das;text_01;0.0145;127
127;ärgerlich;text_01;7.08e-06;128
128;Die;text_01;0.0302;129
129;Kalmare;text_01;3.55e-08;130
130;fressen;text_01;1.35e-05;131
131;Hechte;text_01;3.55e-07;132
132;Sardinen;text_01;3.39e-07;133
133;und;text_01;0.0263;134
134;Sardellen;text_01;4.27e-07;135
135;Und;text_01;0.0263;136
136;sie;text_01;0.00661;137
137;haben;text_01;0.00282;138
138;großen;text_01;0.000355;139
139;Hunger;text_01;2.88e-05;140
140;schlechte;text_01;4.79e-05;141
141;Karten;text_01;5.5e-05;142
142;für;text_01;0.00759;143
143;die;text_01;0.0302;144
144;kleineren;text_01;2.4e-05;145
145;Fische;text_01;1.48e-05;146
146;Die;text_01;0.0302;147
147;Kalmare;text_01;3.55e-08;148
148;selbst;text_01;0.000794;149
149;haben;text_01;0.00282;150
150;hingegen;text_01;5.75e-05;151
151;Glück;text_01;0.000174;152
152;Sie;text_01;0.00661;153
153;gelten;text_01;6.31e-05;154
154;zwar;text_01;0.000331;155
155;in;text_01;0.0174;156
156;manchen;text_01;3.98e-05;157
157;Ländern;text_01;8.13e-05;158
158;als;text_01;0.00513;159
159;Delikatesse;text_01;8.32e-07;160
160;werden;text_01;0.00309;161
161;in;text_01;0.0174;162
162;Chile;text_01;7.94e-06;163
163;jedoch;text_01;0.000363;164
164;nicht;text_01;0.0102;165
165;gegessen;text_01;2.63e-05;166
166;Meeresbiologen;text_01;8.91e-08;167
167;standen;text_01;4.68e-05;168
168;wegen;text_01;0.000468;169
169;des;text_01;0.0055;170
170;plötzlichen;text_01;3.31e-06;171
171;Erscheinens;text_01;5.01e-07;172
172;der;text_01;0.0288;173
173;Kalmare;text_01;3.55e-08;174
174;zunächst;text_01;0.000174;175
175;vor;text_01;0.00204;176
176;einem;text_01;0.00224;177
177;großen;text_01;0.000355;178
178;Rätsel;text_01;1.48e-05;179
179;Nun;text_01;0.000759;180
180;ist;text_01;0.012;181
181;jedoch;text_01;0.000363;182
182;klar;text_01;0.000363;183
183;weshalb;text_01;4.07e-05;184
184;die;text_01;0.0302;185
185;Kalmare;text_01;3.55e-08;186
186;plötzlich;text_01;0.000102;187
187;auftauchten;text_01;1.05e-06;188
188;Im;text_01;0.00724;189
189;Februar;text_01;0.000102;190
190;erwärmte;text_01;2.51e-07;191
191;sich;text_01;0.00617;192
192;das;text_01;0.0145;193
193;Meer;text_01;5.25e-05;194
194;verglichen;text_01;1.62e-05;195
195;mit;text_01;0.00955;196
196;den;text_01;0.01;197
197;Temperaturen;text_01;2.34e-05;198
198;in;text_01;0.0174;199
199;den;text_01;0.01;200
200;Vorjahren;text_01;1.55e-06;201
201;ungewöhnlich;text_01;1.62e-05;202
202;stark;text_01;0.000191;203
203;Es;text_01;0.00871;204
204;sammelten;text_01;2.29e-06;205
205;sich;text_01;0.00617;206
206;viele;text_01;0.000676;207
207;kleine;text_01;0.000263;208
208;Fische;text_01;1.48e-05;209
209;vor;text_01;0.00204;210
210;der;text_01;0.0288;211
211;Küste;text_01;2e-05;212
212;Die;text_01;0.0302;213
213;Kalmare;text_01;3.55e-08;214
214;wurden;text_01;0.000646;215
215;dadurch;text_01;0.000148;216
216;magisch;text_01;2.88e-06;217
217;angezogen;text_01;9.55e-06;218
218;Die;text_01;0.0302;219
219;kleinen;text_01;0.000219;220
220;Fische;text_01;1.48e-05;221
221;bedeuten;text_01;3.31e-05;222
222;für;text_01;0.00759;223
223;sie;text_01;0.00661;224
224;reiche;text_01;1.91e-05;225
225;Beute;text_01;1.45e-05;226
226;Für;text_01;0.00759;227
227;Forscher;text_01;2.29e-05;228
228;ist;text_01;0.012;229
229;das;text_01;0.0145;230
230;ein;text_01;0.00813;231
231;besonderer;text_01;1.91e-05;232
232;Glücksfall;text_01;1.26e-06;233
233;Normalerweise;text_01;3.24e-05;234
234;sind;text_01;0.00398;235
235;die;text_01;0.0302;236
236;großen;text_01;0.000355;237
237;Kalmare;text_01;3.55e-08;238
238;so;text_01;0.0049;239
239;schwer;text_01;0.000195;240
240;vor;text_01;0.00204;241
241;die;text_01;0.0302;242
242;Kamera;text_01;5.75e-05;243
243;zu;text_01;0.0102;244
244;bekommen;text_01;0.000263;245
245;dass;text_01;0.0049;246
246;Forscher;text_01;2.29e-05;247
247;teilweise;text_01;9.77e-05;248
248;auf;text_01;0.00776;249
249;seltsame;text_01;9.33e-06;250
250;Ideen;text_01;6.03e-05;251
251;kommen;text_01;0.000513;252
252;Ein;text_01;0.00813;253
253;Biologe;text_01;1.35e-06;254
254;aus;text_01;0.00398;255
255;Neuseeland;text_01;8.51e-06;256
256;etwa;text_01;0.000417;257
257;will;text_01;0.000912;258
258;versuchen;text_01;0.00011;259
259;den;text_01;0.01;260
260;legendären;text_01;5.37e-06;261
261;Riesenkalmar;text_01;1.23e-08;262
262;mit;text_01;0.00955;263
263;Sexualhormonen;text_01;4.68e-08;264
264;vor;text_01;0.00204;265
265;die;text_01;0.0302;266
266;Linse;text_01;2.82e-06;267
267;zu;text_01;0.0102;268
268;locken;text_01;1.07e-05;269
269;Der;text_01;0.0288;270
270;Riesenkalmar;text_01;1.23e-08;271
271;ist;text_01;0.012;272
272;mit;text_01;0.00955;273
273;bis;text_01;0.0017;274
274;zu;text_01;0.0102;275
275;20;text_01;0.000156;276
276;Metern;text_01;2.88e-05;277
277;Länge;text_01;4.37e-05;278
278;und;text_01;0.0263;279
279;einer;text_01;0.00263;280
280;halben;text_01;3.31e-05;281
281;Tonne;text_01;7.08e-06;282
282;Gewicht;text_01;3.72e-05;283
283;das;text_01;0.0145;284
284;größte;text_01;9.33e-05;285
285;wirbellose;text_01;1.62e-07;286
286;Tier;text_01;4.07e-05;287
287;der;text_01;0.0288;288
288;Welt;text_01;0.000457;289
289;Bisher;text_01;0.000182;290
290;wurde;text_01;0.00155;291
291;er;text_01;0.00513;292
292;aber;text_01;0.00427;293
293;noch;text_01;0.00355;294
294;nie;text_01;0.000468;295
295;innerhalb;text_01;0.000145;296
296;seines;text_01;0.000141;297
297;natürlichen;text_01;2e-05;298
298;Lebensraums;text_01;2.57e-07;299
299;gefilmt;text_01;5.62e-06;300
300;Zwanzig;text_02;1.48e-05;1
301;Jahre;text_02;0.000661;2
302;verbrachte;text_02;7.59e-06;3
303;Ernest;text_02;1.74e-06;4
304;Hemingway;text_02;1.05e-06;5
305;auf;text_02;0.00776;6
306;Kuba;text_02;8.71e-06;7
307;Die;text_02;0.0302;8
308;meiste;text_02;1.2e-05;9
309;Zeit;text_02;0.000977;10
310;davon;text_02;0.00038;11
311;lebte;text_02;2.14e-05;12
312;er;text_02;0.00513;13
313;in;text_02;0.0174;14
314;Vigía;text_02;0.0;15
315;seinem;text_02;0.000427;16
316;legendären;text_02;5.37e-06;17
317;Haus;text_02;0.000257;18
318;vor;text_02;0.00204;19
319;den;text_02;0.01;20
320;Toren;text_02;1.05e-05;21
321;Havannas;text_02;1.02e-07;22
322;Seit;text_02;0.000813;23
323;seinem;text_02;0.000427;24
324;Tod;text_02;0.000145;25
325;Anfang;text_02;0.000186;26
326;der;text_02;0.0288;27
327;1960er;text_02;1.43e-07;28
328;lagern;text_02;9.55e-06;29
329;in;text_02;0.0174;30
330;Vigía;text_02;0.0;31
331;etwa;text_02;0.000417;32
332;3000;text_02;5.41e-08;33
333;Manuskripte;text_02;1.82e-06;34
334;des;text_02;0.0055;35
335;Autors;text_02;7.76e-06;36
336;In;text_02;0.0174;37
337;den;text_02;0.01;38
338;vergangenen;text_02;4.68e-05;39
339;Jahren;text_02;0.000676;40
340;sind;text_02;0.00398;41
341;sie;text_02;0.00661;42
342;nach;text_02;0.00363;43
343;und;text_02;0.0263;44
344;nach;text_02;0.00363;45
345;digitalisiert;text_02;1.26e-06;46
346;worden;text_02;0.000331;47
347;Nun;text_02;0.000759;48
348;will;text_02;0.000912;49
349;man;text_02;0.00288;50
350;sie;text_02;0.00661;51
351;zunächst;text_02;0.000174;52
352;in;text_02;0.0174;53
353;Kuba;text_02;8.71e-06;54
354;zeigen;text_02;0.000195;55
355;bevor;text_02;0.000155;56
356;sie;text_02;0.00661;57
357;dann;text_02;0.00224;58
358;der;text_02;0.0288;59
359;Bibliothek;text_02;2.51e-05;60
360;von;text_02;0.00977;61
361;Boston;text_02;8.71e-06;62
362;übergeben;text_02;2.4e-05;63
363;werden;text_02;0.00309;64
364;Die;text_02;0.0302;65
365;Leiterin;text_02;6.17e-06;66
366;des;text_02;0.0055;67
367;Archivs;text_02;1.66e-06;68
368;in;text_02;0.0174;69
369;Vigía;text_02;0.0;70
370;sagte;text_02;0.000302;71
371;am;text_02;0.00288;72
372;Montag;text_02;7.41e-05;73
373;im;text_02;0.00724;74
374;kubanischen;text_02;1.23e-06;75
375;Fernsehen;text_02;5.25e-05;76
376;es;text_02;0.00871;77
377;handele;text_02;3.89e-06;78
378;sich;text_02;0.00617;79
379;um;text_02;0.00288;80
380;bisher;text_02;0.000182;81
381;unveröffentlichte;text_02;9.12e-07;82
382;Stücke;text_02;2.69e-05;83
383;Die;text_02;0.0302;84
384;Digitalisierung;text_02;1.26e-05;85
385;war;text_02;0.00339;86
386;zwischen;text_02;0.000676;87
387;den;text_02;0.01;88
388;USA;text_02;0.000214;89
389;und;text_02;0.0263;90
390;Kuba;text_02;8.71e-06;91
391;bereits;text_02;0.000468;92
392;2002;text_02;3.81e-05;93
393;vereinbart;text_02;1.2e-05;94
394;worden;text_02;0.000331;95
395;Damals;text_02;0.000195;96
396;berichtete;text_02;1.55e-05;97
397;die;text_02;0.0302;98
398;New;text_02;0.000126;99
399;York;text_02;7.59e-05;100
400;Times;text_02;1.38e-05;101
401;unter;text_02;0.00126;102
402;den;text_02;0.01;103
403;Dokumenten;text_02;6.92e-06;104
404;befänden;text_02;7.24e-07;105
405;sich;text_02;0.00617;106
406;Texte;text_02;3.98e-05;107
407;die;text_02;0.0302;108
408;auf;text_02;0.00776;109
409;lose;text_02;8.32e-06;110
410;Blätter;text_02;1.74e-05;111
411;und;text_02;0.0263;112
412;Buchrücken;text_02;2.4e-07;113
413;gekritzelt;text_02;2.45e-07;114
414;worden;text_02;0.000331;115
415;seien;text_02;0.00011;116
416;Dies;text_02;0.000417;117
417;seien;text_02;0.00011;118
418;vor;text_02;0.00204;119
419;allem;text_02;0.00038;120
420;Briefe;text_02;1.91e-05;121
421;Entwürfe;text_02;6.31e-06;122
422;und;text_02;0.0263;123
423;Aufzeichnungen;text_02;9.55e-06;124
424;zu;text_02;0.0102;125
425;Hemingways;text_02;1.1e-07;126
426;großen;text_02;0.000355;127
427;Romanen;text_02;3.09e-06;128
428;Der;text_02;0.0288;129
429;Biograf;text_02;2.14e-07;130
430;Hemingways;text_02;1.1e-07;131
431;nannte;text_02;2.51e-05;132
432;den;text_02;0.01;133
433;gesamten;text_02;6.31e-05;134
434;Nachlass;text_02;6.92e-06;135
435;eine;text_02;0.00631;136
436;Computertomografie;text_02;1.66e-07;137
437;von;text_02;0.00977;138
438;Hemingways;text_02;1.1e-07;139
439;Gehirn;text_02;2.69e-05;140
440;In;text_02;0.0174;141
441;Kuba;text_02;8.71e-06;142
442;schrieb;text_02;5.01e-05;143
443;Hemingway;text_02;1.05e-06;144
444;unter;text_02;0.00126;145
445;anderem;text_02;0.000126;146
446;seine;text_02;0.00107;147
447;berühmte;text_02;1.32e-05;148
448;Novelle;text_02;5.13e-06;149
449;Der;text_02;0.0288;150
450;alte;text_02;0.00017;151
451;Mann;text_02;0.000537;152
452;und;text_02;0.0263;153
453;das;text_02;0.0145;154
454;Meer;text_02;5.25e-05;155
455;Die;text_02;0.0302;156
456;Novelle;text_02;5.13e-06;157
457;handelt;text_02;0.000117;158
458;vom;text_02;0.00126;159
459;Kampf;text_02;9.33e-05;160
460;eines;text_02;0.000813;161
461;alten;text_02;0.000204;162
462;Fischers;text_02;1.38e-06;163
463;mit;text_02;0.00955;164
464;einem;text_02;0.00224;165
465;riesigen;text_02;1.95e-05;166
466;Schwertfisch;text_02;1.66e-07;167
467;Zwei;text_02;0.000871;168
468;Tage;text_02;0.00024;169
469;und;text_02;0.0263;170
470;zwei;text_02;0.000871;171
471;Nächte;text_02;1.15e-05;172
472;ringt;text_02;1.62e-06;173
473;der;text_02;0.0288;174
474;Fischer;text_02;4.17e-05;175
475;mit;text_02;0.00955;176
476;dem;text_02;0.00575;177
477;Schwertfisch;text_02;1.66e-07;178
478;bis;text_02;0.0017;179
479;er;text_02;0.00513;180
480;ihn;text_02;0.000676;181
481;schließlich;text_02;0.00017;182
482;am;text_02;0.00288;183
483;dritten;text_02;8.91e-05;184
484;Tag;text_02;0.00049;185
485;überwältigen;text_02;1.32e-06;186
486;kann;text_02;0.00251;187
487;Da;text_02;0.00234;188
488;der;text_02;0.0288;189
489;Fisch;text_02;2.19e-05;190
490;zu;text_02;0.0102;191
491;groß;text_02;0.000162;192
492;ist;text_02;0.012;193
493;um;text_02;0.00288;194
494;ihn;text_02;0.000676;195
495;ins;text_02;0.000479;196
496;Boot;text_02;3.31e-05;197
497;zu;text_02;0.0102;198
498;ziehen;text_02;0.000112;199
499;bindet;text_02;4.27e-06;200
500;er;text_02;0.00513;201
501;ihn;text_02;0.000676;202
502;von;text_02;0.00977;203
503;außen;text_02;5.37e-05;204
504;ans;text_02;5.75e-05;205
505;Boot;text_02;3.31e-05;206
506;Das;text_02;0.0145;207
507;Blut;text_02;5.37e-05;208
508;des;text_02;0.0055;209
509;Schwertfisches;text_02;0.0;210
510;lockt;text_02;4.9e-06;211
511;auf;text_02;0.00776;212
512;der;text_02;0.0288;213
513;Heimfahrt;text_02;1.38e-06;214
514;jedoch;text_02;0.000363;215
515;Haie;text_02;3.39e-06;216
516;an;text_02;0.0049;217
517;Die;text_02;0.0302;218
518;Haie;text_02;3.39e-06;219
519;fressen;text_02;1.35e-05;220
520;nach;text_02;0.00363;221
521;und;text_02;0.0263;222
522;nach;text_02;0.00363;223
523;Teile;text_02;8.32e-05;224
524;des;text_02;0.0055;225
525;Schwertfischs;text_02;0.0;226
526;sodass;text_02;4.37e-05;227
527;dem;text_02;0.00575;228
528;Fischer;text_02;4.17e-05;229
529;nur;text_02;0.00331;230
530;das;text_02;0.0145;231
531;Skelett;text_02;2.88e-06;232
532;bleibt;text_02;0.000251;233
533;als;text_02;0.00513;234
534;er;text_02;0.00513;235
535;wieder;text_02;0.00151;236
536;in;text_02;0.0174;237
537;den;text_02;0.01;238
538;Heimathafen;text_02;5.89e-07;239
539;zurückkehrt;text_02;3.24e-06;240
540;Die;text_02;0.0302;241
541;Figur;text_02;3.47e-05;242
542;des;text_02;0.0055;243
543;Fischers;text_02;1.38e-06;244
544;ist;text_02;0.012;245
545;vermutlich;text_02;8.51e-05;246
546;angelehnt;text_02;2.63e-06;247
547;an;text_02;0.0049;248
548;den;text_02;0.01;249
549;Fischer;text_02;4.17e-05;250
550;Gregorio;text_02;4.37e-07;251
551;Fuentes;text_02;4.79e-07;252
552;der;text_02;0.0288;253
553;sich;text_02;0.00617;254
554;auf;text_02;0.00776;255
555;Kuba;text_02;8.71e-06;256
556;um;text_02;0.00288;257
557;Hemingways;text_02;1.1e-07;258
558;Boot;text_02;3.31e-05;259
559;kümmerte;text_02;3.98e-06;260
560;Für;text_02;0.00759;261
561;sein;text_02;0.00209;262
562;Werk;text_02;7.76e-05;263
563;wurde;text_02;0.00155;264
564;Hemingway;text_02;1.05e-06;265
565;mit;text_02;0.00955;266
566;dem;text_02;0.00575;267
567;Literaturnobelpreis;text_02;2.4e-07;268
568;ausgezeichnet;text_02;3.47e-05;269
569;Die;text_02;0.0302;270
570;Nobelpreis-Medaille;text_02;2.26e-06;271
571;schenkte;text_02;5.75e-06;272
572;er;text_02;0.00513;273
573;aus;text_02;0.00398;274
574;Verbundenheit;text_02;3.89e-06;275
575;zu;text_02;0.0102;276
576;Kuba;text_02;8.71e-06;277
577;der;text_02;0.0288;278
578;Wallfahrtskirche;text_02;1.02e-06;279
579;der;text_02;0.0288;280
580;barmherzigen;text_02;1e-06;281
581;Jungfrau;text_02;1.02e-05;282
582;von;text_02;0.00977;283
583;Cobre;text_02;2.57e-08;284
584;Sie;text_02;0.00661;285
585;ist;text_02;0.012;286
586;die;text_02;0.0302;287
587;Schutzpatronin;text_02;1.78e-07;288
588;Kubas;text_02;8.13e-07;289
589;Die;text_02;0.0302;290
590;Medaille;text_02;1.05e-05;291
591;ist;text_02;0.012;292
592;auch;text_02;0.00603;293
593;heute;text_02;0.000759;294
594;noch;text_02;0.00355;295
595;in;text_02;0.0174;296
596;der;text_02;0.0288;297
597;Kirche;text_02;0.000141;298
598;zu;text_02;0.0102;299
599;sehen;text_02;0.00049;300
600;Sie;text_03;0.00661;1
601;besuchte;text_03;1.38e-05;2
602;ihn;text_03;0.000676;3
603;oft;text_03;0.000302;4
604;in;text_03;0.0174;5
605;seinem;text_03;0.000427;6
606;Haus;text_03;0.000257;7
607;und;text_03;0.0263;8
608;bekam;text_03;5.01e-05;9
609;Briefe;text_03;1.91e-05;10
610;und;text_03;0.0263;11
611;Gedichte;text_03;1.58e-05;12
612;von;text_03;0.00977;13
613;ihm;text_03;0.000692;14
614;Manchmal;text_03;0.000155;15
615;durfte;text_03;3.8e-05;16
616;sie;text_03;0.00661;17
617;ihm;text_03;0.000692;18
618;sogar;text_03;0.000331;19
619;die;text_03;0.0302;20
620;Haare;text_03;4.17e-05;21
621;schneiden;text_03;2e-05;22
622;Johanna;text_03;9.55e-06;23
623;Fantova;text_03;0.0;24
624;galt;text_03;3.09e-05;25
625;als;text_03;0.00513;26
626;letzte;text_03;0.000191;27
627;Freundin;text_03;9.77e-05;28
628;von;text_03;0.00977;29
629;Albert;text_03;2.45e-05;30
630;Einstein;text_03;7.24e-06;31
631;Die;text_03;0.0302;32
632;beiden;text_03;0.00038;33
633;trafen;text_03;1.7e-05;34
634;sich;text_03;0.00617;35
635;regelmäßig;text_03;7.41e-05;36
636;telefonierten;text_03;1.91e-07;37
637;viel;text_03;0.001;38
638;und;text_03;0.0263;39
639;gingen;text_03;4.9e-05;40
640;miteinander;text_03;6.03e-05;41
641;segeln;text_03;6.61e-06;42
642;Nun;text_03;0.000759;43
643;wurde;text_03;0.00155;44
644;bekannt;text_03;0.000182;45
645;was;text_03;0.00309;46
646;offenbar;text_03;7.76e-05;47
647;nicht;text_03;0.0102;48
648;einmal;text_03;0.000457;49
649;Einstein;text_03;7.24e-06;50
650;wusste;text_03;8.71e-05;51
651;Johanna;text_03;9.55e-06;52
652;Fantova;text_03;0.0;53
653;fertigte;text_03;1.51e-06;54
654;Notizen;text_03;7.41e-06;55
655;über;text_03;0.00245;56
656;den;text_03;0.01;57
657;Inhalt;text_03;6.17e-05;58
658;ihrer;text_03;0.000575;59
659;Gespräche;text_03;2.4e-05;60
660;an;text_03;0.0049;61
661;In;text_03;0.0174;62
662;ihren;text_03;0.00055;63
663;Aufzeichnungen;text_03;9.55e-06;64
664;zeigt;text_03;0.000219;65
665;sie;text_03;0.00661;66
666;ihn;text_03;0.000676;67
667;nicht;text_03;0.0102;68
668;als;text_03;0.00513;69
669;den;text_03;0.01;70
670;großen;text_03;0.000355;71
671;Mann;text_03;0.000537;72
672;der;text_03;0.0288;73
673;zu;text_03;0.0102;74
674;Lebzeiten;text_03;3.98e-06;75
675;zur;text_03;0.00186;76
676;Legende;text_03;1.82e-05;77
677;wurde;text_03;0.00155;78
678;sondern;text_03;0.000589;79
679;als;text_03;0.00513;80
680;Einstein;text_03;7.24e-06;81
681;den;text_03;0.01;82
682;Menschenfreund;text_03;4.68e-07;83
683;Die;text_03;0.0302;84
684;Nachwelt;text_03;1.66e-06;85
685;dürfte;text_03;7.76e-05;86
686;ihr;text_03;0.00166;87
687;dankbar;text_03;2.75e-05;88
688;sein;text_03;0.00209;89
689;Ohne;text_03;0.000891;90
690;die;text_03;0.0302;91
691;Notizen;text_03;7.41e-06;92
692;wüssten;text_03;4.9e-06;93
693;wir;text_03;0.00347;94
694;heute;text_03;0.000759;95
695;nichts;text_03;0.000759;96
696;von;text_03;0.00977;97
697;Bibo;text_03;2e-07;98
698;dem;text_03;0.00575;99
699;traurigen;text_03;4.27e-06;100
700;Papagei;text_03;1.23e-06;101
701;Auch;text_03;0.00603;102
702;eine;text_03;0.00631;103
703;ganze;text_03;0.000309;104
704;Reihe;text_03;0.000105;105
705;kluger;text_03;2.57e-06;106
706;und;text_03;0.0263;107
707;lustiger;text_03;5.5e-06;108
708;Zitate;text_03;8.32e-06;109
709;von;text_03;0.00977;110
710;Einstein;text_03;7.24e-06;111
711;wären;text_03;0.00012;112
712;verloren;text_03;0.000117;113
713;gegangen;text_03;7.24e-05;114
714;Es;text_03;0.00871;115
715;ist;text_03;0.012;116
716;bisher;text_03;0.000182;117
717;das;text_03;0.0145;118
718;einzige;text_03;0.000151;119
719;bekannte;text_03;4.57e-05;120
720;Tagebuch;text_03;1.29e-05;121
721;von;text_03;0.00977;122
722;einer;text_03;0.00263;123
723;Person;text_03;0.000195;124
724;die;text_03;0.0302;125
725;während;text_03;0.000479;126
726;seiner;text_03;0.000676;127
727;letzten;text_03;0.000331;128
728;Jahre;text_03;0.000661;129
729;eng;text_03;3.72e-05;130
730;mit;text_03;0.00955;131
731;Einstein;text_03;7.24e-06;132
732;befreundet;text_03;8.13e-06;133
733;war;text_03;0.00339;134
734;Die;text_03;0.0302;135
735;22;text_03;0.000156;136
736;Jahre;text_03;0.000661;137
737;jüngere;text_03;1.45e-05;138
738;Johanna;text_03;9.55e-06;139
739;Fantova;text_03;0.0;140
740;stammte;text_03;4.47e-06;141
741;wie;text_03;0.00447;142
742;Einstein;text_03;7.24e-06;143
743;aus;text_03;0.00398;144
744;Europa;text_03;0.000182;145
745;Die;text_03;0.0302;146
746;Eltern;text_03;0.000182;147
747;ihres;text_03;0.000123;148
748;Ehemannes;text_03;1.15e-06;149
749;Otto;text_03;3.89e-05;150
750;Fanta;text_03;1.35e-06;151
751;empfingen;text_03;1.23e-06;152
752;vor;text_03;0.00204;153
753;dem;text_03;0.00575;154
754;Krieg;text_03;0.000148;155
755;viele;text_03;0.000676;156
756;berühmte;text_03;1.32e-05;157
757;Gäste;text_03;5.37e-05;158
758;in;text_03;0.0174;159
759;ihrem;text_03;0.000339;160
760;Salon;text_03;7.59e-06;161
761;Neben;text_03;0.000295;162
762;Einstein;text_03;7.24e-06;163
763;zählte;text_03;9.33e-06;164
764;dazu;text_03;0.000513;165
765;auch;text_03;0.00603;166
766;Franz;text_03;6.03e-05;167
767;Kafka;text_03;3.24e-06;168
768;Johanna;text_03;9.55e-06;169
769;Fantova;text_03;0.0;170
770;war;text_03;0.00339;171
771;für;text_03;0.00759;172
772;Einstein;text_03;7.24e-06;173
773;daher;text_03;0.000234;174
774;ein;text_03;0.00813;175
775;Teil;text_03;0.000389;176
776;der;text_03;0.0288;177
777;alten;text_03;0.000204;178
778;Welt;text_03;0.000457;179
779;Sie;text_03;0.00661;180
780;war;text_03;0.00339;181
781;eine;text_03;0.00631;182
782;Verbindung;text_03;9.55e-05;183
783;zu;text_03;0.0102;184
784;Dingen;text_03;3.09e-05;185
785;die;text_03;0.0302;186
786;er;text_03;0.00513;187
787;vermisste;text_03;3.89e-06;188
788;In;text_03;0.0174;189
789;Fantovas;text_03;0.0;190
790;Manuskript;text_03;4.79e-06;191
791;erscheint;text_03;5.5e-05;192
792;Einstein;text_03;7.24e-06;193
793;als;text_03;0.00513;194
794;komischer;text_03;3.47e-06;195
795;Eigenbrötler;text_03;1.45e-07;196
796;Zugleich;text_03;5.75e-05;197
797;beschreibt;text_03;3.16e-05;198
798;sie;text_03;0.00661;199
799;ihn;text_03;0.000676;200
800;aber;text_03;0.00427;201
801;auch;text_03;0.00603;202
802;als;text_03;0.00513;203
803;Menschenfreund;text_03;4.68e-07;204
804;der;text_03;0.0288;205
805;vielen;text_03;0.000331;206
806;seiner;text_03;0.000676;207
807;Freunde;text_03;0.000151;208
808;bei;text_03;0.00457;209
809;persönlichen;text_03;3.8e-05;210
810;Problemen;text_03;2.51e-05;211
811;half;text_03;1.45e-05;212
812;Und;text_03;0.0263;213
813;doch;text_03;0.00166;214
814;fühlte;text_03;1.91e-05;215
815;sich;text_03;0.00617;216
816;Einstein;text_03;7.24e-06;217
817;nie;text_03;0.000468;218
818;wirklich;text_03;0.000562;219
819;mit;text_03;0.00955;220
820;seinen;text_03;0.000525;221
821;Mitmenschen;text_03;7.08e-06;222
822;verbunden;text_03;6.61e-05;223
823;Angesichts;text_03;3.39e-05;224
824;seiner;text_03;0.000676;225
825;eigenen;text_03;0.000251;226
826;gescheiterten;text_03;3.02e-06;227
827;Beziehungen;text_03;3.89e-05;228
828;betrachtete;text_03;3.47e-06;229
829;er;text_03;0.00513;230
830;die;text_03;0.0302;231
831;Beziehungen;text_03;3.89e-05;232
832;seiner;text_03;0.000676;233
833;Freunde;text_03;0.000151;234
834;mit;text_03;0.00955;235
835;spöttischer;text_03;4.68e-08;236
836;Distanz;text_03;1.58e-05;237
837;Ich;text_03;0.012;238
838;war;text_03;0.00339;239
839;bei;text_03;0.00457;240
840;einem;text_03;0.00224;241
841;Nachbarn;text_03;4.07e-05;242
842;Es;text_03;0.00871;243
843;besteht;text_03;0.000162;244
844;die;text_03;0.0302;245
845;Gefahr;text_03;8.71e-05;246
846;dass;text_03;0.0049;247
847;sein;text_03;0.00209;248
848;Sohn;text_03;0.000166;249
849;heiratet;text_03;3.98e-06;250
850;Rührend;text_03;1.48e-06;251
851;kümmerte;text_03;3.98e-06;252
852;er;text_03;0.00513;253
853;sich;text_03;0.00617;254
854;dagegen;text_03;0.000138;255
855;um;text_03;0.00288;256
856;sein;text_03;0.00209;257
857;Haustier;text_03;3.98e-06;258
858;einen;text_03;0.00302;259
859;deprimierten;text_03;6.03e-08;260
860;Papagei;text_03;1.23e-06;261
861;namens;text_03;3.89e-05;262
862;Bibo;text_03;2e-07;263
863;Der;text_03;0.0288;264
864;Papagei;text_03;1.23e-06;265
865;ist;text_03;0.012;266
866;noch;text_03;0.00355;267
867;ganz;text_03;0.000955;268
868;verschüchtert;text_03;1.29e-07;269
869;Er;text_03;0.00513;270
870;kam;text_03;0.000339;271
871;mit;text_03;0.00955;272
872;der;text_03;0.0288;273
873;Post;text_03;7.76e-05;274
874;Einstein;text_03;7.24e-06;275
875;schritt;text_03;8.91e-05;276
876;sofort;text_03;0.000204;277
877;zur;text_03;0.00186;278
878;Tat;text_03;9.33e-05;279
879;Der;text_03;0.0288;280
880;Erfolg;text_03;0.000148;281
881;blieb;text_03;8.71e-05;282
882;jedoch;text_03;0.000363;283
883;leider;text_03;0.00024;284
884;aus;text_03;0.00398;285
885;Der;text_03;0.0288;286
886;Papagei;text_03;1.23e-06;287
887;ist;text_03;0.012;288
888;traurig;text_03;4.37e-05;289
889;Ich;text_03;0.012;290
890;versuche;text_03;7.59e-05;291
891;ihn;text_03;0.000676;292
892;aufzuheitern;text_03;2.19e-07;293
893;aber;text_03;0.00427;294
894;er;text_03;0.00513;295
895;versteht;text_03;5.13e-05;296
896;leider;text_03;0.00024;297
897;meine;text_03;0.000933;298
898;Witze;text_03;1.74e-05;299
899;nicht;text_03;0.0102;300
900;Jerry;text_04;5.13e-06;1
901;Robinson;text_04;3.98e-06;2
902;war;text_04;0.00339;3
903;erst;text_04;0.000575;4
904;17;text_04;0.000267;5
905;als;text_04;0.00513;6
906;er;text_04;0.00513;7
907;die;text_04;0.0302;8
908;wichtigste;text_04;3.39e-05;9
909;Entscheidung;text_04;0.000107;10
910;seines;text_04;0.000141;11
911;Lebens;text_04;7.59e-05;12
912;traf;text_04;3.47e-05;13
913;und;text_04;0.0263;14
914;möglicherweise;text_04;4.9e-05;15
915;seinen;text_04;0.000525;16
916;größten;text_04;9.12e-05;17
917;Fehler;text_04;0.000115;18
918;beging;text_04;2.69e-06;19
919;Statt;text_04;0.000295;20
920;wie;text_04;0.00447;21
921;geplant;text_04;5.01e-05;22
922;aufs;text_04;8.51e-05;23
923;College;text_04;1.78e-05;24
924;zu;text_04;0.0102;25
925;gehen;text_04;0.000447;26
926;ließ;text_04;0.00012;27
927;er;text_04;0.00513;28
928;sich;text_04;0.00617;29
929;von;text_04;0.00977;30
930;einem;text_04;0.00224;31
931;Mann;text_04;0.000537;32
932;namens;text_04;3.89e-05;33
933;Bob;text_04;1.62e-05;34
934;Kane;text_04;2.19e-06;35
935;als;text_04;0.00513;36
936;Zeichner;text_04;3.72e-06;37
937;engagieren;text_04;8.91e-06;38
938;Kane;text_04;2.19e-06;39
939;hatte;text_04;0.00115;40
940;gerade;text_04;0.000589;41
941;die;text_04;0.0302;42
942;Zeichnungen;text_04;1.29e-05;43
943;für;text_04;0.00759;44
944;ein;text_04;0.00813;45
945;Comicheft;text_04;6.46e-08;46
946;abgeliefert;text_04;2.95e-06;47
947;in;text_04;0.0174;48
948;dem;text_04;0.00575;49
949;er;text_04;0.00513;50
950;eine;text_04;0.00631;51
951;völlig;text_04;0.000145;52
952;neue;text_04;0.000589;53
953;Figur;text_04;3.47e-05;54
954;auftreten;text_04;3.31e-05;55
955;ließ;text_04;0.00012;56
956;genannt;text_04;8.71e-05;57
957;Batman;text_04;6.92e-06;58
958;Jetzt;text_04;0.00162;59
959;machte;text_04;0.00011;60
960;er;text_04;0.00513;61
961;Urlaub;text_04;6.76e-05;62
962;in;text_04;0.0174;63
963;den;text_04;0.01;64
964;Poconos;text_04;0.0;65
965;einem;text_04;0.00224;66
966;Ausflugsgebiet;text_04;0.0;67
967;in;text_04;0.0174;68
968;Pennsylvania;text_04;2.51e-06;69
969;Der;text_04;0.0288;70
970;untergewichtige;text_04;4.17e-08;71
971;Jerry;text_04;5.13e-06;72
972;Robinson;text_04;3.98e-06;73
973;war;text_04;0.00339;74
974;auf;text_04;0.00776;75
975;einer;text_04;0.00263;76
976;Kur;text_04;5.62e-06;77
977;dort;text_04;0.000603;78
978;um;text_04;0.00288;79
979;Gewicht;text_04;3.72e-05;80
980;zuzulegen;text_04;7.94e-07;81
981;Um;text_04;0.00288;82
982;Bob;text_04;1.62e-05;83
983;Kane;text_04;2.19e-06;84
984;von;text_04;0.00977;85
985;seinem;text_04;0.000427;86
986;Talent;text_04;1.91e-05;87
987;als;text_04;0.00513;88
988;Zeichner;text_04;3.72e-06;89
989;zu;text_04;0.0102;90
990;überzeugen;text_04;3.47e-05;91
991;fertigte;text_04;1.51e-06;92
992;Jerry;text_04;5.13e-06;93
993;Robinson;text_04;3.98e-06;94
994;für;text_04;0.00759;95
995;ihn;text_04;0.000676;96
996;ein;text_04;0.00813;97
997;paar;text_04;0.000363;98
998;Zeichnungen;text_04;1.29e-05;99
999;an;text_04;0.0049;100
1000;Da;text_04;0.00234;101
1001;er;text_04;0.00513;102
1002;kein;text_04;0.000813;103
1003;Papier;text_04;3.89e-05;104
1004;zur;text_04;0.00186;105
1005;Hand;text_04;0.0002;106
1006;hatte;text_04;0.00115;107
1007;zeichnete;text_04;6.31e-06;108
1008;er;text_04;0.00513;109
1009;kurzerhand;text_04;3.8e-06;110
1010;auf;text_04;0.00776;111
1011;seiner;text_04;0.000676;112
1012;Jacke;text_04;1.74e-05;113
1013;Beeindruckt;text_04;1.35e-05;114
1014;stellte;text_04;7.41e-05;115
1015;Kane;text_04;2.19e-06;116
1016;den;text_04;0.01;117
1017;Jungen;text_04;0.000135;118
1018;an;text_04;0.0049;119
1019;Bereits;text_04;0.000468;120
1020;ab;text_04;0.000955;121
1021;der;text_04;0.0288;122
1022;dritten;text_04;8.91e-05;123
1023;Ausgabe;text_04;5.13e-05;124
1024;der;text_04;0.0288;125
1025;Batman-Comics;text_04;3.82e-06;126
1026;war;text_04;0.00339;127
1027;er;text_04;0.00513;128
1028;der;text_04;0.0288;129
1029;Hauptzeichner;text_04;0.0;130
1030;der;text_04;0.0288;131
1031;Serie;text_04;8.32e-05;132
1032;Seine;text_04;0.00107;133
1033;Zeichnungen;text_04;1.29e-05;134
1034;fertigte;text_04;1.51e-06;135
1035;er;text_04;0.00513;136
1036;vor;text_04;0.00204;137
1037;allem;text_04;0.00038;138
1038;nachts;text_04;3.89e-05;139
1039;an;text_04;0.0049;140
1040;Tagsüber;text_04;9.77e-06;141
1041;studierte;text_04;1.17e-05;142
1042;er;text_04;0.00513;143
1043;Journalistik;text_04;4.9e-07;144
1044;in;text_04;0.0174;145
1045;New;text_04;0.000126;146
1046;York;text_04;7.59e-05;147
1047;Neben;text_04;0.000295;148
1048;dem;text_04;0.00575;149
1049;Zeichnen;text_04;1.82e-05;150
1050;tat;text_04;9.33e-05;151
1051;er;text_04;0.00513;152
1052;sich;text_04;0.00617;153
1053;auch;text_04;0.00603;154
1054;bei;text_04;0.00457;155
1055;der;text_04;0.0288;156
1056;Entwicklung;text_04;0.000151;157
1057;der;text_04;0.0288;158
1058;Figuren;text_04;2.82e-05;159
1059;hervor;text_04;3.8e-05;160
1060;Von;text_04;0.00977;161
1061;ihm;text_04;0.000692;162
1062;stammten;text_04;3.63e-06;163
1063;die;text_04;0.0302;164
1064;Entwürfe;text_04;6.31e-06;165
1065;für;text_04;0.00759;166
1066;Batmans;text_04;1.51e-07;167
1067;Butler;text_04;4.9e-06;168
1068;Alfred;text_04;2e-05;169
1069;und;text_04;0.0263;170
1070;Batmans;text_04;1.51e-07;171
1071;Helfer;text_04;1.55e-05;172
1072;den;text_04;0.01;173
1073;jungen;text_04;0.000135;174
1074;Robin;text_04;1.62e-05;175
1075;Fast;text_04;0.00038;176
1076;zeitgleich;text_04;9.33e-06;177
1077;hatte;text_04;0.00115;178
1078;der;text_04;0.0288;179
1079;Joker;text_04;4.9e-06;180
1080;Batmans;text_04;1.51e-07;181
1081;Erzfeind;text_04;1.05e-06;182
1082;seinen;text_04;0.000525;183
1083;ersten;text_04;0.000575;184
1084;Auftritt;text_04;4.07e-05;185
1085;in;text_04;0.0174;186
1086;einem;text_04;0.00224;187
1087;weiteren;text_04;0.000151;188
1088;Heft;text_04;2.14e-05;189
1089;Robinson;text_04;3.98e-06;190
1090;behauptete;text_04;7.08e-06;191
1091;später;text_04;0.000316;192
1092;die;text_04;0.0302;193
1093;Idee;text_04;0.000158;194
1094;zur;text_04;0.00186;195
1095;Figur;text_04;3.47e-05;196
1096;des;text_04;0.0055;197
1097;Jokers;text_04;2.45e-07;198
1098;sei;text_04;0.000501;199
1099;von;text_04;0.00977;200
1100;ihm;text_04;0.000692;201
1101;ausgegangen;text_04;1.55e-05;202
1102;Inspiriert;text_04;8.71e-06;203
1103;wurde;text_04;0.00155;204
1104;er;text_04;0.00513;205
1105;dabei;text_04;0.000631;206
1106;durch;text_04;0.00182;207
1107;ein;text_04;0.00813;208
1108;Kartenspiel;text_04;1.78e-06;209
1109;das;text_04;0.0145;210
1110;seine;text_04;0.00107;211
1111;Kollegen;text_04;6.76e-05;212
1112;immer;text_04;0.00162;213
1113;zur;text_04;0.00186;214
1114;Hand;text_04;0.0002;215
1115;hatten;text_04;0.000331;216
1116;Laut;text_04;0.00017;217
1117;Bob;text_04;1.62e-05;218
1118;Kane;text_04;2.19e-06;219
1119;beruht;text_04;1.32e-05;220
1120;der;text_04;0.0288;221
1121;Entwurf;text_04;2.4e-05;222
1122;des;text_04;0.0055;223
1123;Schurken;text_04;1.38e-06;224
1124;dagegen;text_04;0.000138;225
1125;auf;text_04;0.00776;226
1126;einer;text_04;0.00263;227
1127;Szene;text_04;5.75e-05;228
1128;aus;text_04;0.00398;229
1129;einem;text_04;0.00224;230
1130;Stummfilm;text_04;5.37e-07;231
1131;Robinson;text_04;3.98e-06;232
1132;hatte;text_04;0.00115;233
1133;nichts;text_04;0.000759;234
1134;damit;text_04;0.000912;235
1135;zu;text_04;0.0102;236
1136;tun;text_04;0.00038;237
1137;war;text_04;0.00339;238
1138;sein;text_04;0.00209;239
1139;drastisches;text_04;1.74e-07;240
1140;Urteil;text_04;5.13e-05;241
1141;Hier;text_04;0.00182;242
1142;rächte;text_04;3.72e-07;243
1143;es;text_04;0.00871;244
1144;sich;text_04;0.00617;245
1145;dass;text_04;0.0049;246
1146;Jerry;text_04;5.13e-06;247
1147;Robinson;text_04;3.98e-06;248
1148;lediglich;text_04;9.12e-05;249
1149;als;text_04;0.00513;250
1150;Assistent;text_04;7.94e-06;251
1151;engagiert;text_04;1.51e-05;252
1152;war;text_04;0.00339;253
1153;auch;text_04;0.00603;254
1154;wenn;text_04;0.00324;255
1155;er;text_04;0.00513;256
1156;der;text_04;0.0288;257
1157;Hauptzeichner;text_04;0.0;258
1158;war;text_04;0.00339;259
1159;Kane;text_04;2.19e-06;260
1160;dagegen;text_04;0.000138;261
1161;hatte;text_04;0.00115;262
1162;sich;text_04;0.00617;263
1163;alle;text_04;0.00141;264
1164;Rechte;text_04;9.77e-05;265
1165;an;text_04;0.0049;266
1166;den;text_04;0.01;267
1167;Figuren;text_04;2.82e-05;268
1168;zugesichert;text_04;1.74e-06;269
1169;Nicht;text_04;0.0102;270
1170;zuletzt;text_04;7.59e-05;271
1171;deshalb;text_04;0.000245;272
1172;begann;text_04;6.31e-05;273
1173;Jerry;text_04;5.13e-06;274
1174;Robinson;text_04;3.98e-06;275
1175;ab;text_04;0.000955;276
1176;1940;text_04;1.18e-05;277
1177;nicht;text_04;0.0102;278
1178;mehr;text_04;0.00214;279
1179;für;text_04;0.00759;280
1180;Kane;text_04;2.19e-06;281
1181;sondern;text_04;0.000589;282
1182;für;text_04;0.00759;283
1183;den;text_04;0.01;284
1184;ComicVerlag;text_04;0.0;285
1185;direkt;text_04;0.000219;286
1186;zu;text_04;0.0102;287
1187;arbeiten;text_04;0.000251;288
1188;In;text_04;0.0174;289
1189;dessen;text_04;0.000219;290
1190;Studio;text_04;2.82e-05;291
1191;saß;text_04;3.02e-05;292
1192;er;text_04;0.00513;293
1193;zeitweise;text_04;1.35e-05;294
1194;neben;text_04;0.000295;295
1195;Superman-Miterfinder;text_04;7.07e-08;296
1196;Joe;text_04;1.55e-05;297
1197;Shuster;text_04;6.46e-08;298
1198;am;text_04;0.00288;299
1199;Zeichentisch;text_04;5.5e-08;300
1200;Die;text_05;0.0302;1
1201;Korallenriffe;text_05;3.16e-07;2
1202;und;text_05;0.0263;3
1203;die;text_05;0.0302;4
1204;sandigen;text_05;1e-06;5
1205;Buchten;text_05;1.58e-06;6
1206;sind;text_05;0.00398;7
1207;perfekt;text_05;6.92e-05;8
1208;für;text_05;0.00759;9
1209;jede;text_05;0.0002;10
1210;Urlaubsbroschüre;text_05;0.0;11
1211;Insgesamt;text_05;0.000145;12
1212;ist;text_05;0.012;13
1213;die;text_05;0.0302;14
1214;Inselgruppe;text_05;7.76e-07;15
1215;namens;text_05;3.89e-05;16
1216;Nosy;text_05;8.71e-08;17
1217;Hara;text_05;9.77e-07;18
1218;vor;text_05;0.00204;19
1219;Madagaskar;text_05;1.74e-06;20
1220;aber;text_05;0.00427;21
1221;doch;text_05;0.00166;22
1222;recht;text_05;0.000407;23
1223;karg;text_05;1e-06;24
1224;In;text_05;0.0174;25
1225;dieser;text_05;0.0011;26
1226;eher;text_05;0.000209;27
1227;lebensfeindlichen;text_05;9.77e-08;28
1228;Umgebung;text_05;6.03e-05;29
1229;haben;text_05;0.00282;30
1230;Biologen;text_05;1.78e-06;31
1231;nun;text_05;0.000759;32
1232;eine;text_05;0.00631;33
1233;neue;text_05;0.000589;34
1234;Tierart;text_05;7.59e-07;35
1235;entdeckt;text_05;5.62e-05;36
1236;Das;text_05;0.0145;37
1237;winzige;text_05;3.72e-06;38
1238;Chamäleon;text_05;7.41e-07;39
1239;Brookesia;text_05;0.0;40
1240;micra;text_05;2e-07;41
1241;Von;text_05;0.00977;42
1242;der;text_05;0.0288;43
1243;Schnauze;text_05;8.13e-06;44
1244;bis;text_05;0.0017;45
1245;zum;text_05;0.00257;46
1246;Schwanzende;text_05;1e-07;47
1247;misst;text_05;7.76e-06;48
1248;es;text_05;0.00871;49
1249;weniger;text_05;0.000263;50
1250;als;text_05;0.00513;51
1251;drei;text_05;0.000525;52
1252;Zentimeter;text_05;1.66e-05;53
1253;Farblich;text_05;2.19e-06;54
1254;machen;text_05;0.000955;55
1255;die;text_05;0.0302;56
1256;braunen;text_05;8.13e-06;57
1257;Tierchen;text_05;1.55e-06;58
1258;wenig;text_05;0.000309;59
1259;her;text_05;0.000178;60
1260;Doch;text_05;0.00166;61
1261;ihre;text_05;0.00115;62
1262;winzige;text_05;3.72e-06;63
1263;Körpergröße;text_05;2.88e-06;64
1264;fasziniert;text_05;7.24e-06;65
1265;die;text_05;0.0302;66
1266;Forscher;text_05;2.29e-05;67
1267;Das;text_05;0.0145;68
1268;ist;text_05;0.012;69
1269;nichts;text_05;0.000759;70
1270;wo;text_05;0.000794;71
1271;man;text_05;0.00288;72
1272;viele;text_05;0.000676;73
1273;Untersuchungen;text_05;2.82e-05;74
1274;machen;text_05;0.000955;75
1275;muss;text_05;0.00132;76
1276;Man;text_05;0.00288;77
1277;erkennt;text_05;2.95e-05;78
1278;auch;text_05;0.00603;79
1279;so;text_05;0.0049;80
1280;dass;text_05;0.0049;81
1281;das;text_05;0.0145;82
1282;etwas;text_05;0.000871;83
1283;Neues;text_05;0.000158;84
1284;ist;text_05;0.012;85
1285;sagt;text_05;0.000389;86
1286;Miguel;text_05;5.01e-06;87
1287;Vences;text_05;0.0;88
1288;Der;text_05;0.0288;89
1289;Zoologe;text_05;3.02e-07;90
1290;berichtet;text_05;5.89e-05;91
1291;in;text_05;0.0174;92
1292;einem;text_05;0.00224;93
1293;Fachartikel;text_05;4.9e-07;94
1294;gleich;text_05;0.000389;95
1295;von;text_05;0.00977;96
1296;vier;text_05;0.000275;97
1297;neuen;text_05;0.000427;98
1298;Arten;text_05;5.13e-05;99
1299;von;text_05;0.00977;100
1300;Mini-Chamäleons;text_05;2.22e-07;101
1301;Laut;text_05;0.00017;102
1302;den;text_05;0.01;103
1303;Forschern;text_05;3.16e-06;104
1304;weiß;text_05;0.000562;105
1305;man;text_05;0.00288;106
1306;von;text_05;0.00977;107
1307;den;text_05;0.01;108
1308;Tieren;text_05;2.19e-05;109
1309;jedoch;text_05;0.000363;110
1310;kaum;text_05;0.000234;111
1311;mehr;text_05;0.00214;112
1312;als;text_05;0.00513;113
1313;dass;text_05;0.0049;114
1314;es;text_05;0.00871;115
1315;sie;text_05;0.00661;116
1316;gibt;text_05;0.00115;117
1317;Zu;text_05;0.0102;118
1318;ihrer;text_05;0.000575;119
1319;Lebensweise;text_05;6.76e-06;120
1320;ist;text_05;0.012;121
1321;nur;text_05;0.00331;122
1322;sehr;text_05;0.00138;123
1323;wenig;text_05;0.000309;124
1324;bekannt;text_05;0.000182;125
1325;Tagsüber;text_05;9.77e-06;126
1326;leben;text_05;0.000724;127
1327;die;text_05;0.0302;128
1328;kleinen;text_05;0.000219;129
1329;Chamäleons;text_05;2.24e-07;130
1330;am;text_05;0.00288;131
1331;Boden;text_05;0.000102;132
1332;Wenn;text_05;0.00324;133
1333;möglich;text_05;0.000251;134
1334;verbergen;text_05;9.12e-06;135
1335;sie;text_05;0.00661;136
1336;sich;text_05;0.00617;137
1337;dabei;text_05;0.000631;138
1338;unter;text_05;0.00126;139
1339;einer;text_05;0.00263;140
1340;Schicht;text_05;1.48e-05;141
1341;Laub;text_05;4.27e-06;142
1342;Nachts;text_05;3.89e-05;143
1343;geht;text_05;0.001;144
1344;es;text_05;0.00871;145
1345;dann;text_05;0.00224;146
1346;auf;text_05;0.00776;147
1347;niedrig;text_05;1.41e-05;148
1348;gelegene;text_05;6.76e-06;149
1349;Äste;text_05;3.72e-06;150
1350;zum;text_05;0.00257;151
1351;Schlafen;text_05;6.61e-05;152
1352;Direkte;text_05;2.51e-05;153
1353;Fressfeinde;text_05;2e-07;154
1354;haben;text_05;0.00282;155
1355;die;text_05;0.0302;156
1356;Tierchen;text_05;1.55e-06;157
1357;allerdings;text_05;0.000324;158
1358;wohl;text_05;0.000537;159
1359;eher;text_05;0.000209;160
1360;nicht;text_05;0.0102;161
1361;Zu;text_05;0.0102;162
1362;ihrem;text_05;0.000339;163
1363;Glück;text_05;0.000174;164
1364;so;text_05;0.0049;165
1365;die;text_05;0.0302;166
1366;Forscher;text_05;2.29e-05;167
1367;Auf;text_05;0.00776;168
1368;solchen;text_05;9.77e-05;169
1369;kleinen;text_05;0.000219;170
1370;Inseln;text_05;1.78e-05;171
1371;kann;text_05;0.00251;172
1372;die;text_05;0.0302;173
1373;Konkurrenz;text_05;2.69e-05;174
1374;zwischen;text_05;0.000676;175
1375;den;text_05;0.01;176
1376;Tierarten;text_05;2.63e-06;177
1377;schnell;text_05;0.000324;178
1378;sehr;text_05;0.00138;179
1379;groß;text_05;0.000162;180
1380;werden;text_05;0.00309;181
1381;Auch;text_05;0.00603;182
1382;die;text_05;0.0302;183
1383;anderen;text_05;0.000692;184
1384;neuen;text_05;0.000427;185
1385;Chamäleon-Arten;text_05;7.31e-07;186
1386;besiedeln;text_05;6.92e-07;187
1387;nur;text_05;0.00331;188
1388;kleine;text_05;0.000263;189
1389;Gebiete;text_05;2.19e-05;190
1390;auf;text_05;0.00776;191
1391;Madagaskar;text_05;1.74e-06;192
1392;Durch;text_05;0.00182;193
1393;die;text_05;0.0302;194
1394;Zerstörung;text_05;1.62e-05;195
1395;ihres;text_05;0.000123;196
1396;Lebensraums;text_05;2.57e-07;197
1397;sind;text_05;0.00398;198
1398;sie;text_05;0.00661;199
1399;jedoch;text_05;0.000363;200
1400;besonders;text_05;0.000282;201
1401;bedroht;text_05;2.24e-05;202
1402;Rund;text_05;0.000186;203
1403;40;text_05;8.56e-05;204
1404;Prozent;text_05;0.000166;205
1405;der;text_05;0.0288;206
1406;ReptilienArten;text_05;2.69e-08;207
1407;auf;text_05;0.00776;208
1408;Madagaskar;text_05;1.74e-06;209
1409;gelten;text_05;6.31e-05;210
1410;mittlerweile;text_05;9.77e-05;211
1411;als;text_05;0.00513;212
1412;gefährdet;text_05;1.78e-05;213
1413;Die;text_05;0.0302;214
1414;Forscher;text_05;2.29e-05;215
1415;befürchten;text_05;1e-05;216
1416;dass;text_05;0.0049;217
1417;auch;text_05;0.00603;218
1418;Brookesia;text_05;0.0;219
1419;tristis;text_05;5.62e-08;220
1420;eine;text_05;0.00631;221
1421;weitere;text_05;0.000309;222
1422;neu;text_05;0.000229;223
1423;entdeckte;text_05;1.17e-05;224
1424;Art;text_05;0.000324;225
1425;einer;text_05;0.00263;226
1426;ungewissen;text_05;8.32e-07;227
1427;Zukunft;text_05;0.000162;228
1428;entgegen;text_05;4.9e-05;229
1429;sieht;text_05;0.000372;230
1430;Zwar;text_05;0.000331;231
1431;ist;text_05;0.012;232
1432;der;text_05;0.0288;233
1433;Lebensraum;text_05;7.24e-06;234
1434;des;text_05;0.0055;235
1435;Chamäleons;text_05;2.24e-07;236
1436;vor;text_05;0.00204;237
1437;wenigen;text_05;7.08e-05;238
1438;Jahren;text_05;0.000676;239
1439;unter;text_05;0.00126;240
1440;Schutz;text_05;6.92e-05;241
1441;gestellt;text_05;9.77e-05;242
1442;worden;text_05;0.000331;243
1443;doch;text_05;0.00166;244
1444;die;text_05;0.0302;245
1445;Abholzung;text_05;8.71e-07;246
1446;des;text_05;0.0055;247
1447;Gebiets;text_05;2.09e-06;248
1448;hat;text_05;0.00398;249
1449;seitdem;text_05;4.68e-05;250
1450;leider;text_05;0.00024;251
1451;sogar;text_05;0.000331;252
1452;noch;text_05;0.00355;253
1453;zugenommen;text_05;6.61e-06;254
1454;Mit;text_05;0.00955;255
1455;der;text_05;0.0288;256
1456;Wahl;text_05;0.000155;257
1457;der;text_05;0.0288;258
1458;Namen;text_05;0.000234;259
1459;der;text_05;0.0288;260
1460;neu;text_05;0.000229;261
1461;entdeckten;text_05;5.25e-06;262
1462;Chamäleon-Arten;text_05;7.31e-07;263
1463;wollen;text_05;0.000513;264
1464;sie;text_05;0.00661;265
1465;auf;text_05;0.00776;266
1466;die;text_05;0.0302;267
1467;große;text_05;0.000355;268
1468;Gefahr;text_05;8.71e-05;269
1469;hinweisen;text_05;1.51e-05;270
1470;die;text_05;0.0302;271
1471;den;text_05;0.01;272
1472;Chamäleons;text_05;2.24e-07;273
1473;droht;text_05;2.45e-05;274
1474;Die;text_05;0.0302;275
1475;Botschaft;text_05;3.02e-05;276
1476;hinter;text_05;0.000209;277
1477;den;text_05;0.01;278
1478;Namen;text_05;0.000234;279
1479;Brookesia;text_05;0.0;280
1480;desperata;text_05;0.0;281
1481;und;text_05;0.0263;282
1482;Brookesia;text_05;0.0;283
1483;tristis;text_05;5.62e-08;284
1484;versteht;text_05;5.13e-05;285
1485;man;text_05;0.00288;286
1486;auch;text_05;0.00603;287
1487;ohne;text_05;0.000891;288
1488;Latein;text_05;8.32e-06;289
1489;zu;text_05;0.0102;290
1490;können;text_05;0.00132;291
1491;Desperata;text_05;0.0;292
1492;heißt;text_05;0.000302;293
1493;verzweifelt;text_05;1.29e-05;294
1494;und;text_05;0.0263;295
1495;tristis;text_05;5.62e-08;296
1496;so;text_05;0.0049;297
1497;viel;text_05;0.001;298
1498;wie;text_05;0.00447;299
1499;traurig;text_05;4.37e-05;300
1500;In;text_06;0.0174;1
1501;den;text_06;0.01;2
1502;siebziger;text_06;2.45e-06;3
1503;Jahren;text_06;0.000676;4
1504;war;text_06;0.00339;5
1505;Mauritius;text_06;1.78e-06;6
1506;eine;text_06;0.00631;7
1507;kleine;text_06;0.000263;8
1508;Insel;text_06;5.89e-05;9
1509;mitten;text_06;4.68e-05;10
1510;im;text_06;0.00724;11
1511;Indischen;text_06;9.55e-06;12
1512;Ozean;text_06;8.13e-06;13
1513;die;text_06;0.0302;14
1514;im;text_06;0.00724;15
1515;Ausland;text_06;5.5e-05;16
1516;niemand;text_06;0.000174;17
1517;kannte;text_06;2.82e-05;18
1518;Heute;text_06;0.000759;19
1519;ist;text_06;0.012;20
1520;sie;text_06;0.00661;21
1521;dagegen;text_06;0.000138;22
1522;weltweit;text_06;6.03e-05;23
1523;als;text_06;0.00513;24
1524;paradiesisches;text_06;4.07e-08;25
1525;Urlaubsziel;text_06;5.5e-07;26
1526;bekannt;text_06;0.000182;27
1527;Doch;text_06;0.00166;28
1528;schon;text_06;0.00219;29
1529;lange;text_06;0.000389;30
1530;bevor;text_06;0.000155;31
1531;die;text_06;0.0302;32
1532;ersten;text_06;0.000575;33
1533;Touristen;text_06;1.62e-05;34
1534;kamen;text_06;0.0001;35
1535;war;text_06;0.00339;36
1536;Mauritius;text_06;1.78e-06;37
1537;in;text_06;0.0174;38
1538;einigen;text_06;0.000129;39
1539;Teilen;text_06;8.51e-05;40
1540;der;text_06;0.0288;41
1541;Welt;text_06;0.000457;42
1542;sehr;text_06;0.00138;43
1543;bekannt;text_06;0.000182;44
1544;Die;text_06;0.0302;45
1545;Portugiesen;text_06;2.45e-06;46
1546;waren;text_06;0.000871;47
1547;die;text_06;0.0302;48
1548;Ersten;text_06;0.000575;49
1549;die;text_06;0.0302;50
1550;die;text_06;0.0302;51
1551;Insel;text_06;5.89e-05;52
1552;entdeckten;text_06;5.25e-06;53
1553;Sie;text_06;0.00661;54
1554;nannten;text_06;6.61e-06;55
1555;sie;text_06;0.00661;56
1556;Schwaneninsel;text_06;0.0;57
1557;ließen;text_06;3.39e-05;58
1558;sich;text_06;0.00617;59
1559;aber;text_06;0.00427;60
1560;nicht;text_06;0.0102;61
1561;auf;text_06;0.00776;62
1562;ihr;text_06;0.00166;63
1563;nieder;text_06;2.69e-05;64
1564;Erst;text_06;0.000575;65
1565;fast;text_06;0.00038;66
1566;hundert;text_06;3.39e-05;67
1567;Jahre;text_06;0.000661;68
1568;später;text_06;0.000316;69
1569;kamen;text_06;0.0001;70
1570;die;text_06;0.0302;71
1571;Holländer;text_06;4.37e-06;72
1572;Sie;text_06;0.00661;73
1573;gaben;text_06;3.16e-05;74
1574;der;text_06;0.0288;75
1575;Insel;text_06;5.89e-05;76
1576;zu;text_06;0.0102;77
1577;Ehren;text_06;2.04e-05;78
1578;des;text_06;0.0055;79
1579;holländischen;text_06;2.95e-06;80
1580;Prinzen;text_06;9.12e-06;81
1581;Moritz;text_06;1.32e-05;82
1582;den;text_06;0.01;83
1583;Namen;text_06;0.000234;84
1584;Mauritius;text_06;1.78e-06;85
1585;Den;text_06;0.01;86
1586;Namen;text_06;0.000234;87
1587;Mauritius;text_06;1.78e-06;88
1588;hat;text_06;0.00398;89
1589;sie;text_06;0.00661;90
1590;bis;text_06;0.0017;91
1591;heute;text_06;0.000759;92
1592;behalten;text_06;4.17e-05;93
1593;Die;text_06;0.0302;94
1594;Holländer;text_06;4.37e-06;95
1595;begannen;text_06;1.26e-05;96
1596;an;text_06;0.0049;97
1597;der;text_06;0.0288;98
1598;Küste;text_06;2e-05;99
1599;Felder;text_06;1.23e-05;100
1600;anzulegen;text_06;4.79e-06;101
1601;Sie;text_06;0.00661;102
1602;brachten;text_06;1.82e-05;103
1603;Zuckerrohr;text_06;7.76e-07;104
1604;Wild;text_06;3.16e-05;105
1605;und;text_06;0.0263;106
1606;Affen;text_06;1.15e-05;107
1607;mit;text_06;0.00955;108
1608;auf;text_06;0.00776;109
1609;die;text_06;0.0302;110
1610;Insel;text_06;5.89e-05;111
1611;Sie;text_06;0.00661;112
1612;bauten;text_06;1.26e-05;113
1613;Häuser;text_06;3.72e-05;114
1614;und;text_06;0.0263;115
1615;Festungen;text_06;1.38e-06;116
1616;und;text_06;0.0263;117
1617;holzten;text_06;0.0;118
1618;die;text_06;0.0302;119
1619;dichten;text_06;5.13e-06;120
1620;Wälder;text_06;8.91e-06;121
1621;aus;text_06;0.00398;122
1622;Ebenholz;text_06;2.69e-06;123
1623;ab;text_06;0.000955;124
1624;Zu;text_06;0.0102;125
1625;dieser;text_06;0.0011;126
1626;Zeit;text_06;0.000977;127
1627;lebten;text_06;1.26e-05;128
1628;auf;text_06;0.00776;129
1629;Mauritius;text_06;1.78e-06;130
1630;noch;text_06;0.00355;131
1631;viele;text_06;0.000676;132
1632;Dodos;text_06;9.77e-08;133
1633;Die;text_06;0.0302;134
1634;flugunfähigen;text_06;5.25e-08;135
1635;Vögel;text_06;2.04e-05;136
1636;hatten;text_06;0.000331;137
1637;keine;text_06;0.00145;138
1638;natürlichen;text_06;2e-05;139
1639;Feinde;text_06;2.14e-05;140
1640;auf;text_06;0.00776;141
1641;der;text_06;0.0288;142
1642;Insel;text_06;5.89e-05;143
1643;und;text_06;0.0263;144
1644;waren;text_06;0.000871;145
1645;daher;text_06;0.000234;146
1646;zu;text_06;0.0102;147
1647;ihrem;text_06;0.000339;148
1648;eigenen;text_06;0.000251;149
1649;Unglück;text_06;1.48e-05;150
1650;sehr;text_06;0.00138;151
1651;zahm;text_06;8.71e-07;152
1652;Für;text_06;0.00759;153
1653;die;text_06;0.0302;154
1654;Holländer;text_06;4.37e-06;155
1655;machte;text_06;0.00011;156
1656;sie;text_06;0.00661;157
1657;das;text_06;0.0145;158
1658;zur;text_06;0.00186;159
1659;perfekten;text_06;9.55e-06;160
1660;Jagdbeute;text_06;1.17e-07;161
1661;Der;text_06;0.0288;162
1662;Dodo;text_06;6.31e-07;163
1663;wurde;text_06;0.00155;164
1664;so;text_06;0.0049;165
1665;stark;text_06;0.000191;166
1666;bejagt;text_06;1.66e-07;167
1667;dass;text_06;0.0049;168
1668;er;text_06;0.00513;169
1669;schon;text_06;0.00219;170
1670;einige;text_06;0.000347;171
1671;Jahrzehnte;text_06;2e-05;172
1672;nach;text_06;0.00363;173
1673;Ankunft;text_06;1.7e-05;174
1674;der;text_06;0.0288;175
1675;Holländer;text_06;4.37e-06;176
1676;vollständig;text_06;4.68e-05;177
1677;ausgerottet;text_06;1.62e-06;178
1678;war;text_06;0.00339;179
1679;Heute;text_06;0.000759;180
1680;ist;text_06;0.012;181
1681;er;text_06;0.00513;182
1682;das;text_06;0.0145;183
1683;Nationalsymbol;text_06;4.27e-08;184
1684;von;text_06;0.00977;185
1685;Mauritius;text_06;1.78e-06;186
1686;Als;text_06;0.00513;187
1687;kein;text_06;0.000813;188
1688;Holz;text_06;4.37e-05;189
1689;mehr;text_06;0.00214;190
1690;zu;text_06;0.0102;191
1691;holen;text_06;6.46e-05;192
1692;und;text_06;0.0263;193
1693;die;text_06;0.0302;194
1694;Natur;text_06;8.71e-05;195
1695;schwer;text_06;0.000195;196
1696;geschädigt;text_06;3.09e-06;197
1697;war;text_06;0.00339;198
1698;verließen;text_06;6.76e-06;199
1699;die;text_06;0.0302;200
1700;Holländer;text_06;4.37e-06;201
1701;Mauritius;text_06;1.78e-06;202
1702;Um;text_06;0.00288;203
1703;die;text_06;0.0302;204
1704;Kontrolle;text_06;6.17e-05;205
1705;der;text_06;0.0288;206
1706;Insel;text_06;5.89e-05;207
1707;brach;text_06;1.86e-05;208
1708;ein;text_06;0.00813;209
1709;erbitterter;text_06;4.68e-07;210
1710;Krieg;text_06;0.000148;211
1711;zwischen;text_06;0.000676;212
1712;Briten;text_06;1.38e-05;213
1713;und;text_06;0.0263;214
1714;Franzosen;text_06;2.24e-05;215
1715;aus;text_06;0.00398;216
1716;Aber;text_06;0.00427;217
1717;wer;text_06;0.000724;218
1718;lebt;text_06;7.59e-05;219
1719;heute;text_06;0.000759;220
1720;dort;text_06;0.000603;221
1721;Die;text_06;0.0302;222
1722;Bevölkerung;text_06;0.0001;223
1723;von;text_06;0.00977;224
1724;Mauritius;text_06;1.78e-06;225
1725;ist;text_06;0.012;226
1726;das;text_06;0.0145;227
1727;Ergebnis;text_06;9.77e-05;228
1728;einer;text_06;0.00263;229
1729;Vermischung;text_06;1.91e-06;230
1730;verschiedener;text_06;2.4e-05;231
1731;Kulturen;text_06;1.62e-05;232
1732;und;text_06;0.0263;233
1733;Religionen;text_06;1.05e-05;234
1734;Viele;text_06;0.000676;235
1735;der;text_06;0.0288;236
1736;Menschen;text_06;0.000776;237
1737;kamen;text_06;0.0001;238
1738;nicht;text_06;0.0102;239
1739;freiwillig;text_06;2.51e-05;240
1740;Die;text_06;0.0302;241
1741;Holländer;text_06;4.37e-06;242
1742;brachten;text_06;1.82e-05;243
1743;afrikanische;text_06;6.31e-06;244
1744;Sklaven;text_06;1.32e-05;245
1745;mit;text_06;0.00955;246
1746;auf;text_06;0.00776;247
1747;die;text_06;0.0302;248
1748;Insel;text_06;5.89e-05;249
1749;Aus;text_06;0.00398;250
1750;Indien;text_06;2.51e-05;251
1751;kamen;text_06;0.0001;252
1752;Arbeiter;text_06;3.02e-05;253
1753;für;text_06;0.00759;254
1754;die;text_06;0.0302;255
1755;Zuckerrohr-Plantagen;text_06;4.72e-07;256
1756;und;text_06;0.0263;257
1757;Handwerker;text_06;1.32e-05;258
1758;die;text_06;0.0302;259
1759;beim;text_06;0.000871;260
1760;Bau;text_06;7.08e-05;261
1761;von;text_06;0.00977;262
1762;Brücken;text_06;1.35e-05;263
1763;und;text_06;0.0263;264
1764;Straßen;text_06;5.5e-05;265
1765;halfen;text_06;3.47e-06;266
1766;Zeitgleich;text_06;9.33e-06;267
1767;mit;text_06;0.00955;268
1768;den;text_06;0.01;269
1769;Indern;text_06;4.68e-07;270
1770;kamen;text_06;0.0001;271
1771;auch;text_06;0.00603;272
1772;muslimische;text_06;6.03e-06;273
1773;und;text_06;0.0263;274
1774;chinesische;text_06;1.58e-05;275
1775;Händler;text_06;2.14e-05;276
1776;nach;text_06;0.00363;277
1777;Mauritius ;text_06;1.78e-06;278
1778;Die;text_06;0.0302;279
1779;Nachfahren;text_06;2.24e-06;280
1780;von;text_06;0.00977;281
1781;Indern;text_06;4.68e-07;282
1782;Franzosen;text_06;2.24e-05;283
1783;Chinesen;text_06;1.17e-05;284
1784;Arabern;text_06;1.7e-06;285
1785;und;text_06;0.0263;286
1786;afrikanischen;text_06;9.33e-06;287
1787;Sklaven;text_06;1.32e-05;288
1788;bilden;text_06;5.25e-05;289
1789;heute;text_06;0.000759;290
1790;auf;text_06;0.00776;291
1791;Mauritius;text_06;1.78e-06;292
1792;eine;text_06;0.00631;293
1793;der;text_06;0.0288;294
1794;wenigen;text_06;7.08e-05;295
1795;echten;text_06;3.24e-05;296
1796;multikulturellen;text_06;7.08e-07;297
1797;Gesellschaften;text_06;1.26e-05;298
1798;der;text_06;0.0288;299
1799;Welt;text_06;0.000457;300
1800;Wer;text_07;0.000724;1
1801;Angkor;text_07;3.98e-07;2
1802;sagt;text_07;0.000389;3
1803;meint;text_07;7.41e-05;4
1804;in;text_07;0.0174;5
1805;der;text_07;0.0288;6
1806;Regel;text_07;9.77e-05;7
1807;Angkor;text_07;3.98e-07;8
1808;Wat;text_07;9.12e-06;9
1809;Die;text_07;0.0302;10
1810;berühmte;text_07;1.32e-05;11
1811;Tempelanlage;text_07;2.19e-07;12
1812;wurde;text_07;0.00155;13
1813;vermutlich;text_07;8.51e-05;14
1814;vor;text_07;0.00204;15
1815;knapp;text_07;8.51e-05;16
1816;900;text_07;1.36e-06;17
1817;Jahren;text_07;0.000676;18
1818;in;text_07;0.0174;19
1819;den;text_07;0.01;20
1820;Dschungel;text_07;6.76e-06;21
1821;Kambodschas;text_07;1.95e-07;22
1822;gebaut;text_07;5.62e-05;23
1823;Seit;text_07;0.000813;24
1824;mehr;text_07;0.00214;25
1825;als;text_07;0.00513;26
1826;hundert;text_07;3.39e-05;27
1827;Jahren;text_07;0.000676;28
1828;hat;text_07;0.00398;29
1829;sich;text_07;0.00617;30
1830;die;text_07;0.0302;31
1831;Wissenschaft;text_07;4.79e-05;32
1832;auf;text_07;0.00776;33
1833;die;text_07;0.0302;34
1834;riesigen;text_07;1.95e-05;35
1835;Tempelanlagen;text_07;1.82e-07;36
1836;und;text_07;0.0263;37
1837;ihre;text_07;0.00115;38
1838;Inschriften;text_07;3.47e-06;39
1839;konzentriert;text_07;1.41e-05;40
1840;Für;text_07;0.00759;41
1841;die;text_07;0.0302;42
1842;Lebensweise;text_07;6.76e-06;43
1843;der;text_07;0.0288;44
1844;Bewohner;text_07;3.39e-05;45
1845;der;text_07;0.0288;46
1846;Region;text_07;0.000102;47
1847;hat;text_07;0.00398;48
1848;sich;text_07;0.00617;49
1849;hingegen;text_07;5.75e-05;50
1850;kaum;text_07;0.000234;51
1851;jemand;text_07;0.000316;52
1852;interessiert;text_07;7.41e-05;53
1853;Das;text_07;0.0145;54
1854;Team;text_07;0.00017;55
1855;um;text_07;0.00288;56
1856;den;text_07;0.01;57
1857;Forscher;text_07;2.29e-05;58
1858;Damian;text_07;1.74e-06;59
1859;Evans;text_07;3.09e-06;60
1860;hat;text_07;0.00398;61
1861;nun;text_07;0.000759;62
1862;erstmals;text_07;7.24e-05;63
1863;eine;text_07;0.00631;64
1864;Karte;text_07;7.08e-05;65
1865;von;text_07;0.00977;66
1866;Angkor;text_07;3.98e-07;67
1867;Wat;text_07;9.12e-06;68
1868;erstellt;text_07;3.24e-05;69
1869;Die;text_07;0.0302;70
1870;Karte;text_07;7.08e-05;71
1871;zeigt;text_07;0.000219;72
1872;dass;text_07;0.0049;73
1873;Angkor;text_07;3.98e-07;74
1874;Wat;text_07;9.12e-06;75
1875;eine;text_07;0.00631;76
1876;richtige;text_07;0.000102;77
1877;Stadt;text_07;0.000457;78
1878;war;text_07;0.00339;79
1879;nicht;text_07;0.0102;80
1880;nur;text_07;0.00331;81
1881;eine;text_07;0.00631;82
1882;kleine;text_07;0.000263;83
1883;Tempelanlage;text_07;2.19e-07;84
1884;Die;text_07;0.0302;85
1885;Forscher;text_07;2.29e-05;86
1886;gehen;text_07;0.000447;87
1887;davon;text_07;0.00038;88
1888;aus;text_07;0.00398;89
1889;dass;text_07;0.0049;90
1890;Ihre;text_07;0.00115;91
1891;Größe;text_07;7.08e-05;92
1892;sogar;text_07;0.000331;93
1893;New;text_07;0.000126;94
1894;York;text_07;7.59e-05;95
1895;übertroffen;text_07;3.98e-06;96
1896;haben;text_07;0.00282;97
1897;könnte;text_07;0.00049;98
1898;Damit;text_07;0.000912;99
1899;ist;text_07;0.012;100
1900;Groß-Angkor;text_07;3.97e-07;101
1901;die;text_07;0.0302;102
1902;mit;text_07;0.00955;103
1903;Abstand;text_07;4.17e-05;104
1904;größte;text_07;9.33e-05;105
1905;vorindustrielle;text_07;7.41e-08;106
1906;Siedlung;text_07;7.59e-06;107
1907;der;text_07;0.0288;108
1908;Welt;text_07;0.000457;109
1909;Selbst;text_07;0.000794;110
1910;die;text_07;0.0302;111
1911;riesigen;text_07;1.95e-05;112
1912;Städte;text_07;4.9e-05;113
1913;der;text_07;0.0288;114
1914;Maya;text_07;5.13e-06;115
1915;erscheinen;text_07;3.89e-05;116
1916;dagegen;text_07;0.000138;117
1917;winzig;text_07;2.4e-06;118
1918;Die;text_07;0.0302;119
1919;Forscher;text_07;2.29e-05;120
1920;fanden;text_07;5.37e-05;121
1921;außerdem;text_07;0.00024;122
1922;heraus;text_07;0.000102;123
1923;dass;text_07;0.0049;124
1924;Angkor;text_07;3.98e-07;125
1925;eine;text_07;0.00631;126
1926;hydraulische;text_07;1.07e-06;127
1927;Stadt;text_07;0.000457;128
1928;war;text_07;0.00339;129
1929;Dank;text_07;0.000209;130
1930;eines;text_07;0.000813;131
1931;komplizierten;text_07;3.31e-06;132
1932;Bewässerungssystems;text_07;2.34e-08;133
1933;konnten;text_07;0.000145;134
1934;die;text_07;0.0302;135
1935;mehr;text_07;0.00214;136
1936;als;text_07;0.00513;137
1937;eine;text_07;0.00631;138
1938;Million;text_07;2.69e-05;139
1939;Bewohner;text_07;3.39e-05;140
1940;versorgt;text_07;1.62e-05;141
1941;werden;text_07;0.00309;142
1942;Durch;text_07;0.00182;143
1943;das;text_07;0.0145;144
1944;riesige;text_07;1.95e-05;145
1945;Netz;text_07;5.89e-05;146
1946;aus;text_07;0.00398;147
1947;Flüssen;text_07;2.95e-06;148
1948;Kanälen;text_07;4.27e-06;149
1949;und;text_07;0.0263;150
1950;Stauseen;text_07;2.34e-07;151
1951;hat;text_07;0.00398;152
1952;die;text_07;0.0302;153
1953;mittelalterliche;text_07;4.37e-06;154
1954;Stadt;text_07;0.000457;155
1955;mehrmals;text_07;2.4e-05;156
1956;im;text_07;0.00724;157
1957;Jahr;text_07;0.000692;158
1958;Reis;text_07;1.38e-05;159
1959;ernten;text_07;5.13e-06;160
1960;können;text_07;0.00132;161
1961;Das;text_07;0.0145;162
1962;verschaffte;text_07;2.4e-06;163
1963;den;text_07;0.01;164
1964;Bewohnern;text_07;6.61e-06;165
1965;nicht;text_07;0.0102;166
1966;nur;text_07;0.00331;167
1967;volle;text_07;3.09e-05;168
1968;Teller;text_07;1.23e-05;169
1969;sondern;text_07;0.000589;170
1970;auch;text_07;0.00603;171
1971;einen;text_07;0.00302;172
1972;enormen;text_07;6.61e-06;173
1973;Reichtum;text_07;9.55e-06;174
1974;Die;text_07;0.0302;175
1975;Stadt;text_07;0.000457;176
1976;umgab;text_07;6.31e-07;177
1977;ein;text_07;0.00813;178
1978;riesiges;text_07;5.5e-06;179
1979;Geflecht;text_07;1.02e-06;180
1980;aus;text_07;0.00398;181
1981;Äckern;text_07;6.31e-07;182
1982;Häusern;text_07;1.38e-05;183
1983;und;text_07;0.0263;184
1984;Seen;text_07;8.91e-06;185
1985;das;text_07;0.0145;186
1986;sich;text_07;0.00617;187
1987;über;text_07;0.00245;188
1988;mindestens;text_07;0.000115;189
1989;tausend;text_07;3.09e-05;190
1990;Quadratkilometer;text_07;1.95e-06;191
1991;erstreckte;text_07;2.19e-06;192
1992;Auf;text_07;0.00776;193
1993;dieser;text_07;0.0011;194
1994;Fläche;text_07;3.63e-05;195
1995;gibt;text_07;0.00115;196
1996;es;text_07;0.00871;197
1997;kaum;text_07;0.000234;198
1998;einen;text_07;0.00302;199
1999;Fleck;text_07;8.71e-06;200
2000;der;text_07;0.0288;201
2001;nicht;text_07;0.0102;202
2002;genutzt;text_07;6.17e-05;203
2003;worden;text_07;0.000331;204
2004;ist;text_07;0.012;205
2005;Das;text_07;0.0145;206
2006;Bewässerungsnetz;text_07;0.0;207
2007;war;text_07;0.00339;208
2008;sogar;text_07;0.000331;209
2009;dazu;text_07;0.000513;210
2010;geeignet;text_07;3.31e-05;211
2011;den;text_07;0.01;212
2012;Reisanbau;text_07;8.13e-08;213
2013;zu;text_07;0.0102;214
2014;stärken;text_07;2.34e-05;215
2015;Für;text_07;0.00759;216
2016;den;text_07;0.01;217
2017;Anbau;text_07;1.1e-05;218
2018;von;text_07;0.00977;219
2019;Reis;text_07;1.38e-05;220
2020;braucht;text_07;0.000178;221
2021;man;text_07;0.00288;222
2022;jedoch;text_07;0.000363;223
2023;extrem;text_07;5.62e-05;224
2024;viel;text_07;0.001;225
2025;Wasser;text_07;0.000209;226
2026;und;text_07;0.0263;227
2027;riesige;text_07;1.95e-05;228
2028;Flächen;text_07;2.14e-05;229
2029;Um;text_07;0.00288;230
2030;die;text_07;0.0302;231
2031;Felder;text_07;1.23e-05;232
2032;und;text_07;0.0263;233
2033;die;text_07;0.0302;234
2034;künstlichen;text_07;5.89e-06;235
2035;Seen;text_07;8.91e-06;236
2036;Flüsse;text_07;5.62e-06;237
2037;und;text_07;0.0263;238
2038;Kanäle;text_07;8.91e-06;239
2039;anzulegen;text_07;4.79e-06;240
2040;mussten;text_07;7.59e-05;241
2041;große;text_07;0.000355;242
2042;Waldflächen;text_07;5.01e-07;243
2043;gerodet;text_07;8.32e-07;244
2044;werden;text_07;0.00309;245
2045;Mit;text_07;0.00955;246
2046;der;text_07;0.0288;247
2047;Zeit;text_07;0.000977;248
2048;führte;text_07;6.61e-05;249
2049;das;text_07;0.0145;250
2050;wahrscheinlich;text_07;0.000132;251
2051;zu;text_07;0.0102;252
2052;riesigen;text_07;1.95e-05;253
2053;Problemen;text_07;2.51e-05;254
2054;wie;text_07;0.00447;255
2055;Erdrutschen;text_07;1.95e-07;256
2056;Das;text_07;0.0145;257
2057;gesamte;text_07;6.92e-05;258
2058;System;text_07;0.000129;259
2059;dürfte;text_07;7.76e-05;260
2060;daher;text_07;0.000234;261
2061;auch;text_07;0.00603;262
2062;sehr;text_07;0.00138;263
2063;empfindlich;text_07;6.03e-06;264
2064;auf;text_07;0.00776;265
2065;Naturkatastrophen;text_07;1.51e-06;266
2066;reagiert;text_07;2.69e-05;267
2067;haben;text_07;0.00282;268
2068;Insbesondere;text_07;0.000129;269
2069;im;text_07;0.00724;270
2070;Norden;text_07;4.47e-05;271
2071;der;text_07;0.0288;272
2072;Stadt;text_07;0.000457;273
2073;fand;text_07;0.00017;274
2074;man;text_07;0.00288;275
2075;Spuren;text_07;3.16e-05;276
2076;von;text_07;0.00977;277
2077;hektischen;text_07;9.12e-07;278
2078;Anpassungen;text_07;2.69e-06;279
2079;und;text_07;0.0263;280
2080;Deichbrüchen;text_07;0.0;281
2081;Genaueres;text_07;2.57e-06;282
2082;weiß;text_07;0.000562;283
2083;man;text_07;0.00288;284
2084;aber;text_07;0.00427;285
2085;nicht;text_07;0.0102;286
2086;Die;text_07;0.0302;287
2087;neue;text_07;0.000589;288
2088;Karte;text_07;7.08e-05;289
2089;der;text_07;0.0288;290
2090;Stadt;text_07;0.000457;291
2091;verrät;text_07;1.02e-05;292
2092;aber;text_07;0.00427;293
2093;zumindest;text_07;0.000117;294
2094;wo;text_07;0.000794;295
2095;man;text_07;0.00288;296
2096;nach;text_07;0.00363;297
2097;Antworten;text_07;6.46e-05;298
2098;suchen;text_07;0.000151;299
2099;sollte;text_07;0.000575;300
2100;Ein;text_08;0.00813;1
2101;solcher;text_08;3.39e-05;2
2102;Anblick;text_08;1.29e-05;3
2103;lässt;text_08;0.000288;4
2104;selbst;text_08;0.000794;5
2105;Indiana;text_08;2.63e-06;6
2106;Jones;text_08;1.62e-05;7
2107;Kinnlade;text_08;3.39e-07;8
2108;herunterklappen;text_08;1.86e-08;9
2109;Nach;text_08;0.00363;10
2110;einem;text_08;0.00224;11
2111;spektakulären;text_08;2.82e-06;12
2112;Ritt;text_08;4.37e-06;13
2113;durch;text_08;0.00182;14
2114;eine;text_08;0.00631;15
2115;teils;text_08;4.37e-05;16
2116;nur;text_08;0.00331;17
2117;zwei;text_08;0.000871;18
2118;Meter;text_08;0.000115;19
2119;schmale;text_08;6.31e-06;20
2120;Schlucht;text_08;3.72e-06;21
2121;erhebt;text_08;1.12e-05;22
2122;sich;text_08;0.00617;23
2123;vor;text_08;0.00204;24
2124;dem;text_08;0.00575;25
2125;Filmhelden;text_08;5.25e-08;26
2126;eine;text_08;0.00631;27
2127;riesige;text_08;1.95e-05;28
2128;Fassade;text_08;9.77e-06;29
2129;Die;text_08;0.0302;30
2130;Szene;text_08;5.75e-05;31
2131;aus;text_08;0.00398;32
2132;dem;text_08;0.00575;33
2133;Kinofilm;text_08;2.63e-06;34
2134;machte;text_08;0.00011;35
2135;die;text_08;0.0302;36
2136;antike;text_08;1.12e-05;37
2137;Felsenstadt;text_08;4.57e-08;38
2138;Petra;text_08;1.02e-05;39
2139;endgültig;text_08;2.45e-05;40
2140;weltberühmt;text_08;7.41e-07;41
2141;Die;text_08;0.0302;42
2142;prachtvolle;text_08;8.91e-07;43
2143;Fassade;text_08;9.77e-06;44
2144;ist;text_08;0.012;45
2145;eine;text_08;0.00631;46
2146;der;text_08;0.0288;47
2147;schönsten;text_08;2.34e-05;48
2148;Bauten;text_08;1.26e-05;49
2149;in;text_08;0.0174;50
2150;der;text_08;0.0288;51
2151;Felsenstadt;text_08;4.57e-08;52
2152;mitten;text_08;4.68e-05;53
2153;in;text_08;0.0174;54
2154;der;text_08;0.0288;55
2155;Wüste;text_08;1.35e-05;56
2156;Jordaniens;text_08;1.7e-07;57
2157;Die;text_08;0.0302;58
2158;Metropole;text_08;4.68e-06;59
2159;war;text_08;0.00339;60
2160;einst;text_08;3.47e-05;61
2161;die;text_08;0.0302;62
2162;Hauptstadt;text_08;3.63e-05;63
2163;der;text_08;0.0288;64
2164;Nabatäer;text_08;6.17e-08;65
2165;Zwei;text_08;0.000871;66
2166;Jahrhunderte;text_08;1.07e-05;67
2167;beherrschten;text_08;1.91e-06;68
2168;die;text_08;0.0302;69
2169;Nabatäer;text_08;6.17e-08;70
2170;große;text_08;0.000355;71
2171;Teile;text_08;8.32e-05;72
2172;des;text_08;0.0055;73
2173;Handels;text_08;7.59e-06;74
2174;im;text_08;0.00724;75
2175;Nahen;text_08;1.78e-05;76
2176;Osten;text_08;5.62e-05;77
2177;So;text_08;0.0049;78
2178;reich;text_08;8.51e-05;79
2179;und;text_08;0.0263;80
2180;mächtig;text_08;1.55e-05;81
2181;wurde;text_08;0.00155;82
2182;das;text_08;0.0145;83
2183;Wüstenvolk;text_08;1.17e-08;84
2184;dass;text_08;0.0049;85
2185;es;text_08;0.00871;86
2186;sogar;text_08;0.000331;87
2187;die;text_08;0.0302;88
2188;Römer;text_08;1.15e-05;89
2189;herausforderte;text_08;1.82e-07;90
2190;Doch;text_08;0.00166;91
2191;wie;text_08;0.00447;92
2192;ihre;text_08;0.00115;93
2193;riesige;text_08;1.95e-05;94
2194;Hauptstadt;text_08;3.63e-05;95
2195;mitten;text_08;4.68e-05;96
2196;in;text_08;0.0174;97
2197;der;text_08;0.0288;98
2198;Wüste;text_08;1.35e-05;99
2199;funktioniert;text_08;9.33e-05;100
2200;hat;text_08;0.00398;101
2201;weiß;text_08;0.000562;102
2202;niemand;text_08;0.000174;103
2203;genau;text_08;0.000447;104
2204;Sicher;text_08;0.000347;105
2205;ist;text_08;0.012;106
2206;dass;text_08;0.0049;107
2207;die;text_08;0.0302;108
2208;Stadt;text_08;0.000457;109
2209;in;text_08;0.0174;110
2210;atemberaubend;text_08;1.95e-06;111
2211;kurzer;text_08;3.24e-05;112
2212;Zeit;text_08;0.000977;113
2213;entstand;text_08;3.31e-05;114
2214;Als;text_08;0.00513;115
2215;die;text_08;0.0302;116
2216;Nabatäer;text_08;6.17e-08;117
2217;ins;text_08;0.000479;118
2218;heutige;text_08;2.75e-05;119
2219;Jordanien;text_08;3.47e-06;120
2220;vordrangen;text_08;1.62e-07;121
2221;war;text_08;0.00339;122
2222;die;text_08;0.0302;123
2223;Region;text_08;0.000102;124
2224;die;text_08;0.0302;125
2225;reinste;text_08;2.82e-06;126
2226;Goldgrube;text_08;5.13e-07;127
2227;Bei;text_08;0.00457;128
2228;Petra;text_08;1.02e-05;129
2229;kreuzten;text_08;6.03e-07;130
2230;sich;text_08;0.00617;131
2231;mehrere;text_08;0.000174;132
2232;Handelswege;text_08;2.95e-07;133
2233;darunter;text_08;7.76e-05;134
2234;die;text_08;0.0302;135
2235;uralte;text_08;2.95e-06;136
2236;Weihrauchstraße;text_08;2.34e-08;137
2237;Binnen;text_08;1.45e-05;138
2238;weniger;text_08;0.000263;139
2239;Jahrzehnte;text_08;2e-05;140
2240;entstanden;text_08;5.25e-05;141
2241;hunderte;text_08;1.95e-05;142
2242;Höhlen;text_08;5.01e-06;143
2243;mit;text_08;0.00955;144
2244;prunkvollen;text_08;4.47e-07;145
2245;Fassaden;text_08;3.31e-06;146
2246;und;text_08;0.0263;147
2247;teils;text_08;4.37e-05;148
2248;gewaltigen;text_08;5.5e-06;149
2249;Räumen;text_08;2e-05;150
2250;Von;text_08;0.00977;151
2251;der;text_08;0.0288;152
2252;eigentlichen;text_08;2.09e-05;153
2253;Stadt;text_08;0.000457;154
2254;ist;text_08;0.012;155
2255;heute;text_08;0.000759;156
2256;nichts;text_08;0.000759;157
2257;geblieben;text_08;4.17e-05;158
2258;außer;text_08;0.000141;159
2259;Steinhaufen;text_08;2.88e-07;160
2260;und;text_08;0.0263;161
2261;Mauerreste;text_08;2.45e-07;162
2262;Bis;text_08;0.0017;163
2263;in;text_08;0.0174;164
2264;die;text_08;0.0302;165
2265;siebziger;text_08;2.45e-06;166
2266;Jahre;text_08;0.000661;167
2267;glaubte;text_08;1.1e-05;168
2268;man;text_08;0.00288;169
2269;daher;text_08;0.000234;170
2270;Petra;text_08;1.02e-05;171
2271;sei;text_08;0.000501;172
2272;eine;text_08;0.00631;173
2273;Stadt;text_08;0.000457;174
2274;für;text_08;0.00759;175
2275;die;text_08;0.0302;176
2276;Toten;text_08;3.72e-05;177
2277;und;text_08;0.0263;178
2278;die;text_08;0.0302;179
2279;Götter;text_08;1.45e-05;180
2280;gewesen;text_08;0.000245;181
2281;und;text_08;0.0263;182
2282;die;text_08;0.0302;183
2283;Menschen;text_08;0.000776;184
2284;hätten;text_08;0.000182;185
2285;woanders;text_08;1.55e-05;186
2286;gewohnt;text_08;2.51e-05;187
2287;Aber;text_08;0.00427;188
2288;Petra;text_08;1.02e-05;189
2289;war;text_08;0.00339;190
2290;eine;text_08;0.00631;191
2291;ganz;text_08;0.000955;192
2292;normale;text_08;3.02e-05;193
2293;Stadt;text_08;0.000457;194
2294;nur;text_08;0.00331;195
2295;an;text_08;0.0049;196
2296;einem;text_08;0.00224;197
2297;unmöglichen;text_08;9.77e-07;198
2298;Ort;text_08;0.000204;199
2299;Die;text_08;0.0302;200
2300;seltenen;text_08;7.94e-06;201
2301;Regenfälle;text_08;1.45e-06;202
2302;nutzten;text_08;5.5e-06;203
2303;die;text_08;0.0302;204
2304;Nabatäer;text_08;6.17e-08;205
2305;mit;text_08;0.00955;206
2306;einem;text_08;0.00224;207
2307;genialen;text_08;3.02e-06;208
2308;Bewässerungssystem;text_08;1.41e-07;209
2309;Überall;text_08;0.000112;210
2310;in;text_08;0.0174;211
2311;der;text_08;0.0288;212
2312;Stadt;text_08;0.000457;213
2313;waren;text_08;0.000871;214
2314;Wasserbecken;text_08;6.76e-07;215
2315;in;text_08;0.0174;216
2316;den;text_08;0.01;217
2317;Fels;text_08;5.25e-06;218
2318;geschlagen;text_08;3.09e-05;219
2319;Viele;text_08;0.000676;220
2320;Kilometer;text_08;6.46e-05;221
2321;Wasserleitungen;text_08;9.33e-07;222
2322;leiteten;text_08;1.32e-06;223
2323;das;text_08;0.0145;224
2324;Wasser;text_08;0.000209;225
2325;zuerst;text_08;9.33e-05;226
2326;in;text_08;0.0174;227
2327;die;text_08;0.0302;228
2328;Speicher;text_08;9.55e-06;229
2329;und;text_08;0.0263;230
2330;von;text_08;0.00977;231
2331;dort;text_08;0.000603;232
2332;aus;text_08;0.00398;233
2333;zu;text_08;0.0102;234
2334;den;text_08;0.01;235
2335;Bewohnern;text_08;6.61e-06;236
2336;Die;text_08;0.0302;237
2337;vielen;text_08;0.000331;238
2338;Leitungen;text_08;7.08e-06;239
2339;die;text_08;0.0302;240
2340;den;text_08;0.01;241
2341;Regen;text_08;4.27e-05;242
2342;einst;text_08;3.47e-05;243
2343;von;text_08;0.00977;244
2344;den;text_08;0.01;245
2345;wertvollen;text_08;5.37e-06;246
2346;Fassaden;text_08;3.31e-06;247
2347;fernhielten;text_08;3.31e-08;248
2348;wurden;text_08;0.000646;249
2349;von;text_08;0.00977;250
2350;den;text_08;0.01;251
2351;Nabatäern;text_08;0.0;252
2352;dauernd;text_08;1.58e-05;253
2353;instand;text_08;1.58e-06;254
2354;gehalten;text_08;6.03e-05;255
2355;Doch;text_08;0.00166;256
2356;wenn;text_08;0.00324;257
2357;es;text_08;0.00871;258
2358;jetzt;text_08;0.00162;259
2359;regnet;text_08;6.92e-06;260
2360;strömt;text_08;1.66e-06;261
2361;das;text_08;0.0145;262
2362;Wasser;text_08;0.000209;263
2363;unkontrolliert;text_08;1.74e-06;264
2364;die;text_08;0.0302;265
2365;Fassaden;text_08;3.31e-06;266
2366;herab;text_08;5.37e-06;267
2367;Für;text_08;0.00759;268
2368;den;text_08;0.01;269
2369;Sandstein;text_08;2.88e-06;270
2370;ist;text_08;0.012;271
2371;das;text_08;0.0145;272
2372;eine;text_08;0.00631;273
2373;Katastrophe;text_08;1.82e-05;274
2374;Versuche;text_08;7.59e-05;275
2375;zur;text_08;0.00186;276
2376;Rettung;text_08;1.51e-05;277
2377;der;text_08;0.0288;278
2378;Fassaden;text_08;3.31e-06;279
2379;gab;text_08;0.000347;280
2380;es;text_08;0.00871;281
2381;doch;text_08;0.00166;282
2382;wirklich;text_08;0.000562;283
2383;erfolgreich;text_08;7.41e-05;284
2384;war;text_08;0.00339;285
2385;bislang;text_08;4.17e-05;286
2386;leider;text_08;0.00024;287
2387;keiner;text_08;0.000158;288
2388;Die;text_08;0.0302;289
2389;antike;text_08;1.12e-05;290
2390;Felsenstadt;text_08;4.57e-08;291
2391;wird;text_08;0.00316;292
2392;daher;text_08;0.000234;293
2393;wohl;text_08;0.000537;294
2394;eines;text_08;0.000813;295
2395;Tages;text_08;6.76e-05;296
2396;wieder;text_08;0.00151;297
2397;zu;text_08;0.0102;298
2398;Sand;text_08;2.34e-05;299
2399;zerfallen;text_08;1.91e-06;300
2400;William;text_09;1.82e-05;1
2401;Shakespeare;text_09;7.41e-06;2
2402;war;text_09;0.00339;3
2403;etwa;text_09;0.000417;4
2404;fünf;text_09;0.000195;5
2405;Jahre;text_09;0.000661;6
2406;alt;text_09;0.000145;7
2407;als;text_09;0.00513;8
2408;gar;text_09;0.000437;9
2409;nicht;text_09;0.0102;10
2410;weit;text_09;0.000251;11
2411;entfernt;text_09;9.12e-05;12
2412;von;text_09;0.00977;13
2413;seinem;text_09;0.000427;14
2414;Heimatdorf;text_09;8.51e-07;15
2415;die;text_09;0.0302;16
2416;nur;text_09;0.00331;17
2417;zweijährige;text_09;1.86e-06;18
2418;Jane;text_09;8.51e-06;19
2419;Shaxspere;text_09;0.0;20
2420;ums;text_09;3.47e-05;21
2421;Leben;text_09;0.000724;22
2422;kam;text_09;0.000339;23
2423;Das;text_09;0.0145;24
2424;kleine;text_09;0.000263;25
2425;Mädchen;text_09;0.000162;26
2426;wollte;text_09;0.000316;27
2427;Ringelblumen;text_09;9.77e-08;28
2428;pflücken;text_09;1.45e-06;29
2429;die;text_09;0.0302;30
2430;am;text_09;0.00288;31
2431;Ufer;text_09;1.66e-05;32
2432;eines;text_09;0.000813;33
2433;Mühlteichs;text_09;0.0;34
2434;wuchsen;text_09;2.45e-06;35
2435;Beim;text_09;0.000871;36
2436;Blumenpflücken;text_09;2.88e-08;37
2437;rutschte;text_09;2.51e-06;38
2438;Jane;text_09;8.51e-06;39
2439;aus;text_09;0.00398;40
2440;fiel;text_09;5.5e-05;41
2441;ins;text_09;0.000479;42
2442;Wasser;text_09;0.000209;43
2443;und;text_09;0.0263;44
2444;ertrank;text_09;6.46e-07;45
2445;William;text_09;1.82e-05;46
2446;Shakespeare;text_09;7.41e-06;47
2447;der;text_09;0.0288;48
2448;etwa;text_09;0.000417;49
2449;20;text_09;0.000156;50
2450;Kilometer;text_09;6.46e-05;51
2451;entfernt;text_09;9.12e-05;52
2452;im;text_09;0.00724;53
2453;Dorf;text_09;5.5e-05;54
2454;Stratford-upon-Avon;text_09;1.96e-07;55
2455;aufwuchs;text_09;1.58e-06;56
2456;sollte;text_09;0.000575;57
2457;später;text_09;0.000316;58
2458;zum;text_09;0.00257;59
2459;größten;text_09;9.12e-05;60
2460;Dramatiker;text_09;1.51e-06;61
2461;aller;text_09;0.0002;62
2462;Zeiten;text_09;0.0001;63
2463;heranwachsen;text_09;7.76e-07;64
2464;Forscher;text_09;2.29e-05;65
2465;der;text_09;0.0288;66
2466;Universität;text_09;7.94e-05;67
2467;von;text_09;0.00977;68
2468;Oxford;text_09;6.03e-06;69
2469;vermuten;text_09;1.41e-05;70
2470;nun;text_09;0.000759;71
2471;einen;text_09;0.00302;72
2472;Zusammenhang;text_09;7.41e-05;73
2473;dieses;text_09;0.000646;74
2474;Unfalls;text_09;2.45e-06;75
2475;mit;text_09;0.00955;76
2476;Shakespeares;text_09;1.95e-06;77
2477;Stück;text_09;0.000123;78
2478;Hamlet;text_09;2.63e-06;79
2479;Eine;text_09;0.00631;80
2480;Nebenhandlung;text_09;1.1e-07;81
2481;des;text_09;0.0055;82
2482;Stücks;text_09;2.24e-06;83
2483;erzählt;text_09;9.33e-05;84
2484;die;text_09;0.0302;85
2485;Geschichte;text_09;0.000282;86
2486;der;text_09;0.0288;87
2487;fiktiven;text_09;2.95e-06;88
2488;Edeldame;text_09;2.19e-08;89
2489;Ophelia;text_09;6.31e-07;90
2490;der;text_09;0.0288;91
2491;Tochter;text_09;0.00012;92
2492;eines;text_09;0.000813;93
2493;Kämmerers;text_09;1.48e-07;94
2494;Ophelia;text_09;6.31e-07;95
2495;wächst;text_09;3.02e-05;96
2496;am;text_09;0.00288;97
2497;dänischen;text_09;5.89e-06;98
2498;Königshof;text_09;6.76e-07;99
2499;auf;text_09;0.00776;100
2500;wo;text_09;0.000794;101
2501;sie;text_09;0.00661;102
2502;die;text_09;0.0302;103
2503;Geliebte;text_09;8.51e-06;104
2504;des;text_09;0.0055;105
2505;Prinzen;text_09;9.12e-06;106
2506;Hamlet;text_09;2.63e-06;107
2507;wird;text_09;0.00316;108
2508;Ihre;text_09;0.00115;109
2509;Beziehung;text_09;6.17e-05;110
2510;wird;text_09;0.00316;111
2511;von;text_09;0.00977;112
2512;ihrem;text_09;0.000339;113
2513;Vater;text_09;0.000162;114
2514;und;text_09;0.0263;115
2515;ihrem;text_09;0.000339;116
2516;Bruder;text_09;0.000102;117
2517;jedoch;text_09;0.000363;118
2518;missbilligt;text_09;3.02e-07;119
2519;Sie;text_09;0.00661;120
2520;bezweifeln;text_09;3.72e-06;121
2521;dass;text_09;0.0049;122
2522;Hamlet;text_09;2.63e-06;123
2523;die;text_09;0.0302;124
2524;ehrliche;text_09;7.08e-06;125
2525;Absicht;text_09;2.88e-05;126
2526;hat;text_09;0.00398;127
2527;Ophelia;text_09;6.31e-07;128
2528;zu;text_09;0.0102;129
2529;heiraten;text_09;1.82e-05;130
2530;Als;text_09;0.00513;131
2531;Hamlet;text_09;2.63e-06;132
2532;aus;text_09;0.00398;133
2533;Versehen;text_09;3.24e-05;134
2534;Ophelias;text_09;3.98e-08;135
2535;Vater;text_09;0.000162;136
2536;tötet;text_09;1.15e-05;137
2537;verzweifelt;text_09;1.29e-05;138
2538;sie;text_09;0.00661;139
2539;und;text_09;0.0263;140
2540;erleidet;text_09;2.69e-06;141
2541;ein;text_09;0.00813;142
2542;ähnliches;text_09;1.86e-05;143
2543;Schicksal;text_09;3.16e-05;144
2544;wie;text_09;0.00447;145
2545;die;text_09;0.0302;146
2546;kleine;text_09;0.000263;147
2547;Jane;text_09;8.51e-06;148
2548;Beim;text_09;0.000871;149
2549;Blumenpflücken;text_09;2.88e-08;150
2550;an;text_09;0.0049;151
2551;einem;text_09;0.00224;152
2552;Bachufer;text_09;6.92e-08;153
2553;verliert;text_09;3.8e-05;154
2554;sie;text_09;0.00661;155
2555;das;text_09;0.0145;156
2556;Gleichgewicht;text_09;8.71e-06;157
2557;und;text_09;0.0263;158
2558;fällt;text_09;0.00012;159
2559;in;text_09;0.0174;160
2560;den;text_09;0.01;161
2561;Bach;text_09;2.14e-05;162
2562;Ihr;text_09;0.00166;163
2563;Kleid;text_09;2e-05;164
2564;saugt;text_09;2.69e-06;165
2565;sich;text_09;0.00617;166
2566;mit;text_09;0.00955;167
2567;Wasser;text_09;0.000209;168
2568;voll;text_09;0.000148;169
2569;und;text_09;0.0263;170
2570;zieht;text_09;8.13e-05;171
2571;sie;text_09;0.00661;172
2572;wie;text_09;0.00447;173
2573;ein;text_09;0.00813;174
2574;Gewicht;text_09;3.72e-05;175
2575;nach;text_09;0.00363;176
2576;unten;text_09;0.000102;177
2577;Ob;text_09;0.000692;178
2578;ihr;text_09;0.00166;179
2579;Tod;text_09;0.000145;180
2580;ein;text_09;0.00813;181
2581;Unfall;text_09;5.01e-05;182
2582;ist;text_09;0.012;183
2583;oder;text_09;0.00316;184
2584;sie;text_09;0.00661;185
2585;sich;text_09;0.00617;186
2586;mit;text_09;0.00955;187
2587;Absicht;text_09;2.88e-05;188
2588;nicht;text_09;0.0102;189
2589;aus;text_09;0.00398;190
2590;dem;text_09;0.00575;191
2591;Wasser;text_09;0.000209;192
2592;rettet;text_09;1e-05;193
2593;wird;text_09;0.00316;194
2594;im;text_09;0.00724;195
2595;Stück;text_09;0.000123;196
2596;offengelassen;text_09;2.51e-07;197
2597;Die;text_09;0.0302;198
2598;erstaunliche;text_09;4.47e-06;199
2599;Verbindung;text_09;9.55e-05;200
2600;zwischen;text_09;0.000676;201
2601;realen;text_09;1.07e-05;202
2602;Ereignissen;text_09;8.13e-06;203
2603;und;text_09;0.0263;204
2604;Shakespeares;text_09;1.95e-06;205
2605;Hamlet;text_09;2.63e-06;206
2606;fiel;text_09;5.5e-05;207
2607;Historikern;text_09;1.32e-06;208
2608;auf;text_09;0.00776;209
2609;als;text_09;0.00513;210
2610;sie;text_09;0.00661;211
2611;alte;text_09;0.00017;212
2612;medizinische;text_09;1.91e-05;213
2613;Akten;text_09;1.66e-05;214
2614;untersuchten;text_09;4.47e-06;215
2615;Die;text_09;0.0302;216
2616;Ähnlichkeit;text_09;6.46e-06;217
2617;der;text_09;0.0288;218
2618;Nachnamen;text_09;4.68e-06;219
2619;könnte;text_09;0.00049;220
2620;sogar;text_09;0.000331;221
2621;darauf;text_09;0.000331;222
2622;hinweisen;text_09;1.51e-05;223
2623;dass;text_09;0.0049;224
2624;William;text_09;1.82e-05;225
2625;und;text_09;0.0263;226
2626;Jane;text_09;8.51e-06;227
2627;Verwandte;text_09;1.15e-05;228
2628;gewesen;text_09;0.000245;229
2629;sein;text_09;0.00209;230
2630;könnten;text_09;0.000151;231
2631;Feste;text_09;2.4e-05;232
2632;Schreibweisen;text_09;7.24e-07;233
2633;von;text_09;0.00977;234
2634;Namen;text_09;0.000234;235
2635;gab;text_09;0.000347;236
2636;es;text_09;0.00871;237
2637;zu;text_09;0.0102;238
2638;Shakespeares;text_09;1.95e-06;239
2639;Zeiten;text_09;0.0001;240
2640;nicht;text_09;0.0102;241
2641;Für;text_09;0.00759;242
2642;eine;text_09;0.00631;243
2643;der;text_09;0.0288;244
2644;Forscherinnen;text_09;2.75e-07;245
2645;aus;text_09;0.00398;246
2646;Oxford;text_09;6.03e-06;247
2647;ist;text_09;0.012;248
2648;dieses;text_09;0.000646;249
2649;Detail;text_09;1.7e-05;250
2650;aber;text_09;0.00427;251
2651;nicht;text_09;0.0102;252
2652;entscheidend;text_09;2.09e-05;253
2653;Selbst;text_09;0.000794;254
2654;wenn;text_09;0.00324;255
2655;sie;text_09;0.00661;256
2656;nicht;text_09;0.0102;257
2657;verwandt;text_09;9.55e-06;258
2658;gewesen;text_09;0.000245;259
2659;sind;text_09;0.00398;260
2660;hat;text_09;0.00398;261
2661;sich;text_09;0.00617;262
2662;die;text_09;0.0302;263
2663;Geschichte;text_09;0.000282;264
2664;durch;text_09;0.00182;265
2665;die;text_09;0.0302;266
2666;Ähnlichkeit;text_09;6.46e-06;267
2667;der;text_09;0.0288;268
2668;Namen;text_09;0.000234;269
2669;vielleicht;text_09;0.000525;270
2670;in;text_09;0.0174;271
2671;Shakespeares;text_09;1.95e-06;272
2672;Kopf;text_09;0.0002;273
2673;verankert;text_09;6.76e-06;274
2674;Neben;text_09;0.000295;275
2675;historischen;text_09;4.37e-05;276
2676;Grundlagen;text_09;2.4e-05;277
2677;seien;text_09;0.00011;278
2678;Shakespeares;text_09;1.95e-06;279
2679;Stücke;text_09;2.69e-05;280
2680;auch;text_09;0.00603;281
2681;von;text_09;0.00977;282
2682;Klatsch;text_09;2.29e-06;283
2683;und;text_09;0.0263;284
2684;Tratsch-Geschichten;text_09;7.29e-07;285
2685;beeinflusst;text_09;2.04e-05;286
2686;worden;text_09;0.000331;287
2687;Dazu;text_09;0.000513;288
2688;könnte;text_09;0.00049;289
2689;auch;text_09;0.00603;290
2690;die;text_09;0.0302;291
2691;Geschichte;text_09;0.000282;292
2692;über;text_09;0.00245;293
2693;den;text_09;0.01;294
2694;Tod;text_09;0.000145;295
2695;von;text_09;0.00977;296
2696;Jane;text_09;8.51e-06;297
2697;Shaxspere;text_09;0.0;298
2698;gezählt;text_09;1.17e-05;299
2699;haben;text_09;0.00282;300
