word_punct;word_no_punct;text_nr;trial_nr
Beim;Beim;text_01;1
Anblick;Anblick;text_01;2
der;der;text_01;3
Tiere;Tiere;text_01;4
wird;wird;text_01;5
klar,;klar;text_01;6
warum;warum;text_01;7
die;die;text_01;8
Seeleute;Seeleute;text_01;9
vergangener;vergangener;text_01;10
Jahrhunderte;Jahrhunderte;text_01;11
Angst;Angst;text_01;12
vor;vor;text_01;13
Seeungeheuern;Seeungeheuern;text_01;14
hatten.;hatten;text_01;15
Meterlange;Meterlange;text_01;16
Fangarme,;Fangarme;text_01;17
spitze;spitze;text_01;18
Mäuler;Mäuler;text_01;19
und;und;text_01;20
riesige;riesige;text_01;21
Augen;Augen;text_01;22
verleihen;verleihen;text_01;23
den;den;text_01;24
großen;großen;text_01;25
Kalmaren;Kalmaren;text_01;26
ein;ein;text_01;27
furchterregendes;furchterregendes;text_01;28
Aussehen.;Aussehen;text_01;29
Vor;Vor;text_01;30
der;der;text_01;31
Küste;Küste;text_01;32
Chiles;Chiles;text_01;33
sind;sind;text_01;34
sie;sie;text_01;35
aktuell;aktuell;text_01;36
in;in;text_01;37
Massen;Massen;text_01;38
zu;zu;text_01;39
sehen.;sehen;text_01;40
Hunderte;Hunderte;text_01;41
von;von;text_01;42
riesigen;riesigen;text_01;43
Tintenfischen;Tintenfischen;text_01;44
schwimmen;schwimmen;text_01;45
in;in;text_01;46
den;den;text_01;47
flachen;flachen;text_01;48
Gewässern;Gewässern;text_01;49
und;und;text_01;50
fressen;fressen;text_01;51
dort;dort;text_01;52
die;die;text_01;53
Fische.;Fische;text_01;54
Normalerweise;Normalerweise;text_01;55
sind;sind;text_01;56
die;die;text_01;57
großen;großen;text_01;58
Kalmare;Kalmare;text_01;59
nur;nur;text_01;60
schwer;schwer;text_01;61
zu;zu;text_01;62
beobachten.;beobachten;text_01;63
Sie;Sie;text_01;64
leben;leben;text_01;65
eigentlich;eigentlich;text_01;66
im;im;text_01;67
offenen;offenen;text_01;68
Meer.;Meer;text_01;69
Nur;Nur;text_01;70
nachts;nachts;text_01;71
kommen;kommen;text_01;72
sie;sie;text_01;73
an;an;text_01;74
die;die;text_01;75
Oberfläche,;Oberfläche;text_01;76
um;um;text_01;77
kleine;kleine;text_01;78
Fische;Fische;text_01;79
zu;zu;text_01;80
jagen.;jagen;text_01;81
Seit;Seit;text_01;82
zwei;zwei;text_01;83
Wochen;Wochen;text_01;84
aber;aber;text_01;85
sind;sind;text_01;86
sie;sie;text_01;87
auch;auch;text_01;88
bei;bei;text_01;89
Tageslicht;Tageslicht;text_01;90
vor;vor;text_01;91
der;der;text_01;92
Küste;Küste;text_01;93
zu;zu;text_01;94
sehen.;sehen;text_01;95
Zunächst;Zunächst;text_01;96
wurden;wurden;text_01;97
mehr;mehr;text_01;98
als;als;text_01;99
200;200;text_01;100
Kalmare;Kalmare;text_01;101
vor;vor;text_01;102
einer;einer;text_01;103
Insel;Insel;text_01;104
vor;vor;text_01;105
Chile;Chile;text_01;106
gesichtet.;gesichtet;text_01;107
Später;Später;text_01;108
wurden;wurden;text_01;109
dann;dann;text_01;110
weitere;weitere;text_01;111
Kalmare;Kalmare;text_01;112
an;an;text_01;113
anderen;anderen;text_01;114
Orten;Orten;text_01;115
entlang;entlang;text_01;116
der;der;text_01;117
Küste;Küste;text_01;118
Chiles;Chiles;text_01;119
beobachtet.;beobachtet;text_01;120
Vor;Vor;text_01;121
allem;allem;text_01;122
für;für;text_01;123
die;die;text_01;124
Fischer;Fischer;text_01;125
ist;ist;text_01;126
das;das;text_01;127
ärgerlich.;ärgerlich;text_01;128
Die;Die;text_01;129
Kalmare;Kalmare;text_01;130
fressen;fressen;text_01;131
Hechte,;Hechte;text_01;132
Sardinen;Sardinen;text_01;133
und;und;text_01;134
Sardellen.;Sardellen;text_01;135
Und;Und;text_01;136
sie;sie;text_01;137
haben;haben;text_01;138
großen;großen;text_01;139
Hunger -;Hunger;text_01;140
schlechte;schlechte;text_01;141
Karten;Karten;text_01;142
für;für;text_01;143
die;die;text_01;144
kleineren;kleineren;text_01;145
Fische.;Fische;text_01;146
Die;Die;text_01;147
Kalmare;Kalmare;text_01;148
selbst;selbst;text_01;149
haben;haben;text_01;150
hingegen;hingegen;text_01;151
Glück:;Glück;text_01;152
Sie;Sie;text_01;153
gelten;gelten;text_01;154
zwar;zwar;text_01;155
in;in;text_01;156
manchen;manchen;text_01;157
Ländern;Ländern;text_01;158
als;als;text_01;159
Delikatesse,;Delikatesse;text_01;160
werden;werden;text_01;161
in;in;text_01;162
Chile;Chile;text_01;163
jedoch;jedoch;text_01;164
nicht;nicht;text_01;165
gegessen.;gegessen;text_01;166
Meeresbiologen;Meeresbiologen;text_01;167
standen;standen;text_01;168
wegen;wegen;text_01;169
des;des;text_01;170
plötzlichen;plötzlichen;text_01;171
Erscheinens;Erscheinens;text_01;172
der;der;text_01;173
Kalmare;Kalmare;text_01;174
zunächst;zunächst;text_01;175
vor;vor;text_01;176
einem;einem;text_01;177
großen;großen;text_01;178
Rätsel.;Rätsel;text_01;179
Nun;Nun;text_01;180
ist;ist;text_01;181
jedoch;jedoch;text_01;182
klar,;klar;text_01;183
weshalb;weshalb;text_01;184
die;die;text_01;185
Kalmare;Kalmare;text_01;186
plötzlich;plötzlich;text_01;187
auftauchten.;auftauchten;text_01;188
Im;Im;text_01;189
Februar;Februar;text_01;190
erwärmte;erwärmte;text_01;191
sich;sich;text_01;192
das;das;text_01;193
Meer;Meer;text_01;194
verglichen;verglichen;text_01;195
mit;mit;text_01;196
den;den;text_01;197
Temperaturen;Temperaturen;text_01;198
in;in;text_01;199
den;den;text_01;200
Vorjahren;Vorjahren;text_01;201
ungewöhnlich;ungewöhnlich;text_01;202
stark.;stark;text_01;203
Es;Es;text_01;204
sammelten;sammelten;text_01;205
sich;sich;text_01;206
viele;viele;text_01;207
kleine;kleine;text_01;208
Fische;Fische;text_01;209
vor;vor;text_01;210
der;der;text_01;211
Küste.;Küste;text_01;212
Die;Die;text_01;213
Kalmare;Kalmare;text_01;214
wurden;wurden;text_01;215
dadurch;dadurch;text_01;216
magisch;magisch;text_01;217
angezogen.;angezogen;text_01;218
Die;Die;text_01;219
kleinen;kleinen;text_01;220
Fische;Fische;text_01;221
bedeuten;bedeuten;text_01;222
für;für;text_01;223
sie;sie;text_01;224
reiche;reiche;text_01;225
Beute.;Beute;text_01;226
Für;Für;text_01;227
Forscher;Forscher;text_01;228
ist;ist;text_01;229
das;das;text_01;230
ein;ein;text_01;231
besonderer;besonderer;text_01;232
Glücksfall.;Glücksfall;text_01;233
Normalerweise;Normalerweise;text_01;234
sind;sind;text_01;235
die;die;text_01;236
großen;großen;text_01;237
Kalmare;Kalmare;text_01;238
so;so;text_01;239
schwer;schwer;text_01;240
vor;vor;text_01;241
die;die;text_01;242
Kamera;Kamera;text_01;243
zu;zu;text_01;244
bekommen,;bekommen;text_01;245
dass;dass;text_01;246
Forscher;Forscher;text_01;247
teilweise;teilweise;text_01;248
auf;auf;text_01;249
seltsame;seltsame;text_01;250
Ideen;Ideen;text_01;251
kommen.;kommen;text_01;252
Ein;Ein;text_01;253
Biologe;Biologe;text_01;254
aus;aus;text_01;255
Neuseeland;Neuseeland;text_01;256
etwa;etwa;text_01;257
will;will;text_01;258
versuchen,;versuchen;text_01;259
den;den;text_01;260
legendären;legendären;text_01;261
Riesenkalmar;Riesenkalmar;text_01;262
mit;mit;text_01;263
Sexualhormonen;Sexualhormonen;text_01;264
vor;vor;text_01;265
die;die;text_01;266
Linse;Linse;text_01;267
zu;zu;text_01;268
locken.;locken;text_01;269
Der;Der;text_01;270
Riesenkalmar;Riesenkalmar;text_01;271
ist;ist;text_01;272
mit;mit;text_01;273
bis;bis;text_01;274
zu;zu;text_01;275
20;20;text_01;276
Metern;Metern;text_01;277
Länge;Länge;text_01;278
und;und;text_01;279
einer;einer;text_01;280
halben;halben;text_01;281
Tonne;Tonne;text_01;282
Gewicht;Gewicht;text_01;283
das;das;text_01;284
größte;größte;text_01;285
wirbellose;wirbellose;text_01;286
Tier;Tier;text_01;287
der;der;text_01;288
Welt.;Welt;text_01;289
Bisher;Bisher;text_01;290
wurde;wurde;text_01;291
er;er;text_01;292
aber;aber;text_01;293
noch;noch;text_01;294
nie;nie;text_01;295
innerhalb;innerhalb;text_01;296
seines;seines;text_01;297
natürlichen;natürlichen;text_01;298
Lebensraums;Lebensraums;text_01;299
gefilmt.;gefilmt;text_01;300
Zwanzig;Zwanzig;text_02;1
Jahre;Jahre;text_02;2
verbrachte;verbrachte;text_02;3
Ernest;Ernest;text_02;4
Hemingway;Hemingway;text_02;5
auf;auf;text_02;6
Kuba.;Kuba;text_02;7
Die;Die;text_02;8
meiste;meiste;text_02;9
Zeit;Zeit;text_02;10
davon;davon;text_02;11
lebte;lebte;text_02;12
er;er;text_02;13
in;in;text_02;14
Vigía,;Vigía;text_02;15
seinem;seinem;text_02;16
legendären;legendären;text_02;17
Haus;Haus;text_02;18
vor;vor;text_02;19
den;den;text_02;20
Toren;Toren;text_02;21
Havannas.;Havannas;text_02;22
Seit;Seit;text_02;23
seinem;seinem;text_02;24
Tod;Tod;text_02;25
Anfang;Anfang;text_02;26
der;der;text_02;27
1960er;1960er;text_02;28
lagern;lagern;text_02;29
in;in;text_02;30
Vigía;Vigía;text_02;31
etwa;etwa;text_02;32
3000;3000;text_02;33
Manuskripte;Manuskripte;text_02;34
des;des;text_02;35
Autors.;Autors;text_02;36
In;In;text_02;37
den;den;text_02;38
vergangenen;vergangenen;text_02;39
Jahren;Jahren;text_02;40
sind;sind;text_02;41
sie;sie;text_02;42
nach;nach;text_02;43
und;und;text_02;44
nach;nach;text_02;45
digitalisiert;digitalisiert;text_02;46
worden.;worden;text_02;47
Nun;Nun;text_02;48
will;will;text_02;49
man;man;text_02;50
sie;sie;text_02;51
zunächst;zunächst;text_02;52
in;in;text_02;53
Kuba;Kuba;text_02;54
zeigen,;zeigen;text_02;55
bevor;bevor;text_02;56
sie;sie;text_02;57
dann;dann;text_02;58
der;der;text_02;59
Bibliothek;Bibliothek;text_02;60
von;von;text_02;61
Boston;Boston;text_02;62
übergeben;übergeben;text_02;63
werden.;werden;text_02;64
Die;Die;text_02;65
Leiterin;Leiterin;text_02;66
des;des;text_02;67
Archivs;Archivs;text_02;68
in;in;text_02;69
Vigía;Vigía;text_02;70
sagte;sagte;text_02;71
am;am;text_02;72
Montag;Montag;text_02;73
im;im;text_02;74
kubanischen;kubanischen;text_02;75
Fernsehen,;Fernsehen;text_02;76
es;es;text_02;77
handele;handele;text_02;78
sich;sich;text_02;79
um;um;text_02;80
bisher;bisher;text_02;81
unveröffentlichte;unveröffentlichte;text_02;82
Stücke.;Stücke;text_02;83
Die;Die;text_02;84
Digitalisierung;Digitalisierung;text_02;85
war;war;text_02;86
zwischen;zwischen;text_02;87
den;den;text_02;88
USA;USA;text_02;89
und;und;text_02;90
Kuba;Kuba;text_02;91
bereits;bereits;text_02;92
2002;2002;text_02;93
vereinbart;vereinbart;text_02;94
worden.;worden;text_02;95
Damals;Damals;text_02;96
berichtete;berichtete;text_02;97
die;die;text_02;98
\“New;New;text_02;99
York;York;text_02;100
Times\“,;Times;text_02;101
unter;unter;text_02;102
den;den;text_02;103
Dokumenten;Dokumenten;text_02;104
befänden;befänden;text_02;105
sich;sich;text_02;106
Texte,;Texte;text_02;107
die;die;text_02;108
auf;auf;text_02;109
lose;lose;text_02;110
Blätter;Blätter;text_02;111
und;und;text_02;112
Buchrücken;Buchrücken;text_02;113
gekritzelt;gekritzelt;text_02;114
worden;worden;text_02;115
seien.;seien;text_02;116
Dies;Dies;text_02;117
seien;seien;text_02;118
vor;vor;text_02;119
allem;allem;text_02;120
Briefe,;Briefe;text_02;121
Entwürfe;Entwürfe;text_02;122
und;und;text_02;123
Aufzeichnungen;Aufzeichnungen;text_02;124
zu;zu;text_02;125
Hemingways;Hemingways;text_02;126
großen;großen;text_02;127
Romanen.;Romanen;text_02;128
Der;Der;text_02;129
Biograf;Biograf;text_02;130
Hemingways;Hemingways;text_02;131
nannte;nannte;text_02;132
den;den;text_02;133
gesamten;gesamten;text_02;134
Nachlass;Nachlass;text_02;135
eine;eine;text_02;136
\“Computertomografie;Computertomografie;text_02;137
von;von;text_02;138
Hemingways;Hemingways;text_02;139
Gehirn\“.;Gehirn;text_02;140
In;In;text_02;141
Kuba;Kuba;text_02;142
schrieb;schrieb;text_02;143
Hemingway;Hemingway;text_02;144
unter;unter;text_02;145
anderem;anderem;text_02;146
seine;seine;text_02;147
berühmte;berühmte;text_02;148
Novelle;Novelle;text_02;149
\“Der;Der;text_02;150
alte;alte;text_02;151
Mann;Mann;text_02;152
und;und;text_02;153
das;das;text_02;154
Meer\“.;Meer;text_02;155
Die;Die;text_02;156
Novelle;Novelle;text_02;157
handelt;handelt;text_02;158
vom;vom;text_02;159
Kampf;Kampf;text_02;160
eines;eines;text_02;161
alten;alten;text_02;162
Fischers;Fischers;text_02;163
mit;mit;text_02;164
einem;einem;text_02;165
riesigen;riesigen;text_02;166
Schwertfisch.;Schwertfisch;text_02;167
Zwei;Zwei;text_02;168
Tage;Tage;text_02;169
und;und;text_02;170
zwei;zwei;text_02;171
Nächte;Nächte;text_02;172
ringt;ringt;text_02;173
der;der;text_02;174
Fischer;Fischer;text_02;175
mit;mit;text_02;176
dem;dem;text_02;177
Schwertfisch,;Schwertfisch;text_02;178
bis;bis;text_02;179
er;er;text_02;180
ihn;ihn;text_02;181
schließlich;schließlich;text_02;182
am;am;text_02;183
dritten;dritten;text_02;184
Tag;Tag;text_02;185
überwältigen;überwältigen;text_02;186
kann.;kann;text_02;187
Da;Da;text_02;188
der;der;text_02;189
Fisch;Fisch;text_02;190
zu;zu;text_02;191
groß;groß;text_02;192
ist,;ist;text_02;193
um;um;text_02;194
ihn;ihn;text_02;195
ins;ins;text_02;196
Boot;Boot;text_02;197
zu;zu;text_02;198
ziehen,;ziehen;text_02;199
bindet;bindet;text_02;200
er;er;text_02;201
ihn;ihn;text_02;202
von;von;text_02;203
außen;außen;text_02;204
ans;ans;text_02;205
Boot.;Boot;text_02;206
Das;Das;text_02;207
Blut;Blut;text_02;208
des;des;text_02;209
Schwertfisches;Schwertfisches;text_02;210
lockt;lockt;text_02;211
auf;auf;text_02;212
der;der;text_02;213
Heimfahrt;Heimfahrt;text_02;214
jedoch;jedoch;text_02;215
Haie;Haie;text_02;216
an.;an;text_02;217
Die;Die;text_02;218
Haie;Haie;text_02;219
fressen;fressen;text_02;220
nach;nach;text_02;221
und;und;text_02;222
nach;nach;text_02;223
Teile;Teile;text_02;224
des;des;text_02;225
Schwertfischs,;Schwertfischs;text_02;226
sodass;sodass;text_02;227
dem;dem;text_02;228
Fischer;Fischer;text_02;229
nur;nur;text_02;230
das;das;text_02;231
Skelett;Skelett;text_02;232
bleibt,;bleibt;text_02;233
als;als;text_02;234
er;er;text_02;235
wieder;wieder;text_02;236
in;in;text_02;237
den;den;text_02;238
Heimathafen;Heimathafen;text_02;239
zurückkehrt.;zurückkehrt;text_02;240
Die;Die;text_02;241
Figur;Figur;text_02;242
des;des;text_02;243
Fischers;Fischers;text_02;244
ist;ist;text_02;245
vermutlich;vermutlich;text_02;246
angelehnt;angelehnt;text_02;247
an;an;text_02;248
den;den;text_02;249
Fischer;Fischer;text_02;250
Gregorio;Gregorio;text_02;251
Fuentes,;Fuentes;text_02;252
der;der;text_02;253
sich;sich;text_02;254
auf;auf;text_02;255
Kuba;Kuba;text_02;256
um;um;text_02;257
Hemingways;Hemingways;text_02;258
Boot;Boot;text_02;259
kümmerte.;kümmerte;text_02;260
Für;Für;text_02;261
sein;sein;text_02;262
Werk;Werk;text_02;263
wurde;wurde;text_02;264
Hemingway;Hemingway;text_02;265
mit;mit;text_02;266
dem;dem;text_02;267
Literaturnobelpreis;Literaturnobelpreis;text_02;268
ausgezeichnet.;ausgezeichnet;text_02;269
Die;Die;text_02;270
Nobelpreis-Medaille;Nobelpreis-Medaille;text_02;271
schenkte;schenkte;text_02;272
er;er;text_02;273
aus;aus;text_02;274
Verbundenheit;Verbundenheit;text_02;275
zu;zu;text_02;276
Kuba;Kuba;text_02;277
der;der;text_02;278
Wallfahrtskirche;Wallfahrtskirche;text_02;279
der;der;text_02;280
barmherzigen;barmherzigen;text_02;281
Jungfrau;Jungfrau;text_02;282
von;von;text_02;283
Cobre.;Cobre;text_02;284
Sie;Sie;text_02;285
ist;ist;text_02;286
die;die;text_02;287
Schutzpatronin;Schutzpatronin;text_02;288
Kubas.;Kubas;text_02;289
Die;Die;text_02;290
Medaille;Medaille;text_02;291
ist;ist;text_02;292
auch;auch;text_02;293
heute;heute;text_02;294
noch;noch;text_02;295
in;in;text_02;296
der;der;text_02;297
Kirche;Kirche;text_02;298
zu;zu;text_02;299
sehen.;sehen;text_02;300
Sie;Sie;text_03;1
besuchte;besuchte;text_03;2
ihn;ihn;text_03;3
oft;oft;text_03;4
in;in;text_03;5
seinem;seinem;text_03;6
Haus;Haus;text_03;7
und;und;text_03;8
bekam;bekam;text_03;9
Briefe;Briefe;text_03;10
und;und;text_03;11
Gedichte;Gedichte;text_03;12
von;von;text_03;13
ihm.;ihm;text_03;14
Manchmal;Manchmal;text_03;15
durfte;durfte;text_03;16
sie;sie;text_03;17
ihm;ihm;text_03;18
sogar;sogar;text_03;19
die;die;text_03;20
Haare;Haare;text_03;21
schneiden.;schneiden;text_03;22
Johanna;Johanna;text_03;23
Fantova;Fantova;text_03;24
galt;galt;text_03;25
als;als;text_03;26
letzte;letzte;text_03;27
Freundin;Freundin;text_03;28
von;von;text_03;29
Albert;Albert;text_03;30
Einstein.;Einstein;text_03;31
Die;Die;text_03;32
beiden;beiden;text_03;33
trafen;trafen;text_03;34
sich;sich;text_03;35
regelmäßig,;regelmäßig;text_03;36
telefonierten;telefonierten;text_03;37
viel;viel;text_03;38
und;und;text_03;39
gingen;gingen;text_03;40
miteinander;miteinander;text_03;41
segeln.;segeln;text_03;42
Nun;Nun;text_03;43
wurde;wurde;text_03;44
bekannt,;bekannt;text_03;45
was;was;text_03;46
offenbar;offenbar;text_03;47
nicht;nicht;text_03;48
einmal;einmal;text_03;49
Einstein;Einstein;text_03;50
wusste:;wusste;text_03;51
Johanna;Johanna;text_03;52
Fantova;Fantova;text_03;53
fertigte;fertigte;text_03;54
Notizen;Notizen;text_03;55
über;über;text_03;56
den;den;text_03;57
Inhalt;Inhalt;text_03;58
ihrer;ihrer;text_03;59
Gespräche;Gespräche;text_03;60
an.;an;text_03;61
In;In;text_03;62
ihren;ihren;text_03;63
Aufzeichnungen;Aufzeichnungen;text_03;64
zeigt;zeigt;text_03;65
sie;sie;text_03;66
ihn;ihn;text_03;67
nicht;nicht;text_03;68
als;als;text_03;69
den;den;text_03;70
großen;großen;text_03;71
Mann,;Mann;text_03;72
der;der;text_03;73
zu;zu;text_03;74
Lebzeiten;Lebzeiten;text_03;75
zur;zur;text_03;76
Legende;Legende;text_03;77
wurde,;wurde;text_03;78
sondern;sondern;text_03;79
als;als;text_03;80
Einstein,;Einstein;text_03;81
den;den;text_03;82
Menschenfreund.;Menschenfreund;text_03;83
Die;Die;text_03;84
Nachwelt;Nachwelt;text_03;85
dürfte;dürfte;text_03;86
ihr;ihr;text_03;87
dankbar;dankbar;text_03;88
sein.;sein;text_03;89
Ohne;Ohne;text_03;90
die;die;text_03;91
Notizen;Notizen;text_03;92
wüssten;wüssten;text_03;93
wir;wir;text_03;94
heute;heute;text_03;95
nichts;nichts;text_03;96
von;von;text_03;97
Bibo,;Bibo;text_03;98
dem;dem;text_03;99
traurigen;traurigen;text_03;100
Papagei.;Papagei;text_03;101
Auch;Auch;text_03;102
eine;eine;text_03;103
ganze;ganze;text_03;104
Reihe;Reihe;text_03;105
kluger;kluger;text_03;106
und;und;text_03;107
lustiger;lustiger;text_03;108
Zitate;Zitate;text_03;109
von;von;text_03;110
Einstein;Einstein;text_03;111
wären;wären;text_03;112
verloren;verloren;text_03;113
gegangen.;gegangen;text_03;114
Es;Es;text_03;115
ist;ist;text_03;116
bisher;bisher;text_03;117
das;das;text_03;118
einzige;einzige;text_03;119
bekannte;bekannte;text_03;120
Tagebuch;Tagebuch;text_03;121
von;von;text_03;122
einer;einer;text_03;123
Person,;Person;text_03;124
die;die;text_03;125
während;während;text_03;126
seiner;seiner;text_03;127
letzten;letzten;text_03;128
Jahre;Jahre;text_03;129
eng;eng;text_03;130
mit;mit;text_03;131
Einstein;Einstein;text_03;132
befreundet;befreundet;text_03;133
war.;war;text_03;134
Die;Die;text_03;135
22;22;text_03;136
Jahre;Jahre;text_03;137
jüngere;jüngere;text_03;138
Johanna;Johanna;text_03;139
Fantova;Fantova;text_03;140
stammte;stammte;text_03;141
wie;wie;text_03;142
Einstein;Einstein;text_03;143
aus;aus;text_03;144
Europa.;Europa;text_03;145
Die;Die;text_03;146
Eltern;Eltern;text_03;147
ihres;ihres;text_03;148
Ehemannes;Ehemannes;text_03;149
Otto;Otto;text_03;150
Fanta;Fanta;text_03;151
empfingen;empfingen;text_03;152
vor;vor;text_03;153
dem;dem;text_03;154
Krieg;Krieg;text_03;155
viele;viele;text_03;156
berühmte;berühmte;text_03;157
Gäste;Gäste;text_03;158
in;in;text_03;159
ihrem;ihrem;text_03;160
Salon.;Salon;text_03;161
Neben;Neben;text_03;162
Einstein;Einstein;text_03;163
zählte;zählte;text_03;164
dazu;dazu;text_03;165
auch;auch;text_03;166
Franz;Franz;text_03;167
Kafka.;Kafka;text_03;168
Johanna;Johanna;text_03;169
Fantova;Fantova;text_03;170
war;war;text_03;171
für;für;text_03;172
Einstein;Einstein;text_03;173
daher;daher;text_03;174
ein;ein;text_03;175
Teil;Teil;text_03;176
der;der;text_03;177
alten;alten;text_03;178
Welt.;Welt;text_03;179
Sie;Sie;text_03;180
war;war;text_03;181
eine;eine;text_03;182
Verbindung;Verbindung;text_03;183
zu;zu;text_03;184
Dingen,;Dingen;text_03;185
die;die;text_03;186
er;er;text_03;187
vermisste.;vermisste;text_03;188
In;In;text_03;189
Fantovas;Fantovas;text_03;190
Manuskript;Manuskript;text_03;191
erscheint;erscheint;text_03;192
Einstein;Einstein;text_03;193
als;als;text_03;194
komischer;komischer;text_03;195
Eigenbrötler.;Eigenbrötler;text_03;196
Zugleich;Zugleich;text_03;197
beschreibt;beschreibt;text_03;198
sie;sie;text_03;199
ihn;ihn;text_03;200
aber;aber;text_03;201
auch;auch;text_03;202
als;als;text_03;203
Menschenfreund,;Menschenfreund;text_03;204
der;der;text_03;205
vielen;vielen;text_03;206
seiner;seiner;text_03;207
Freunde;Freunde;text_03;208
bei;bei;text_03;209
persönlichen;persönlichen;text_03;210
Problemen;Problemen;text_03;211
half.;half;text_03;212
Und;Und;text_03;213
doch;doch;text_03;214
fühlte;fühlte;text_03;215
sich;sich;text_03;216
Einstein;Einstein;text_03;217
nie;nie;text_03;218
wirklich;wirklich;text_03;219
mit;mit;text_03;220
seinen;seinen;text_03;221
Mitmenschen;Mitmenschen;text_03;222
verbunden.;verbunden;text_03;223
Angesichts;Angesichts;text_03;224
seiner;seiner;text_03;225
eigenen;eigenen;text_03;226
gescheiterten;gescheiterten;text_03;227
Beziehungen;Beziehungen;text_03;228
betrachtete;betrachtete;text_03;229
er;er;text_03;230
die;die;text_03;231
Beziehungen;Beziehungen;text_03;232
seiner;seiner;text_03;233
Freunde;Freunde;text_03;234
mit;mit;text_03;235
spöttischer;spöttischer;text_03;236
Distanz:;Distanz;text_03;237
\“Ich;Ich;text_03;238
war;war;text_03;239
bei;bei;text_03;240
einem;einem;text_03;241
Nachbarn.;Nachbarn;text_03;242
Es;Es;text_03;243
besteht;besteht;text_03;244
die;die;text_03;245
Gefahr,;Gefahr;text_03;246
dass;dass;text_03;247
sein;sein;text_03;248
Sohn;Sohn;text_03;249
heiratet.\“;heiratet;text_03;250
Rührend;Rührend;text_03;251
kümmerte;kümmerte;text_03;252
er;er;text_03;253
sich;sich;text_03;254
dagegen;dagegen;text_03;255
um;um;text_03;256
sein;sein;text_03;257
Haustier,;Haustier;text_03;258
einen;einen;text_03;259
deprimierten;deprimierten;text_03;260
Papagei;Papagei;text_03;261
namens;namens;text_03;262
Bibo.;Bibo;text_03;263
\“Der;Der;text_03;264
Papagei;Papagei;text_03;265
ist;ist;text_03;266
noch;noch;text_03;267
ganz;ganz;text_03;268
verschüchtert.;verschüchtert;text_03;269
Er;Er;text_03;270
kam;kam;text_03;271
mit;mit;text_03;272
der;der;text_03;273
Post.\“;Post;text_03;274
Einstein;Einstein;text_03;275
schritt;schritt;text_03;276
sofort;sofort;text_03;277
zur;zur;text_03;278
Tat.;Tat;text_03;279
Der;Der;text_03;280
Erfolg;Erfolg;text_03;281
blieb;blieb;text_03;282
jedoch;jedoch;text_03;283
leider;leider;text_03;284
aus:;aus;text_03;285
\“Der;Der;text_03;286
Papagei;Papagei;text_03;287
ist;ist;text_03;288
traurig.;traurig;text_03;289
Ich;Ich;text_03;290
versuche;versuche;text_03;291
ihn;ihn;text_03;292
aufzuheitern,;aufzuheitern;text_03;293
aber;aber;text_03;294
er;er;text_03;295
versteht;versteht;text_03;296
leider;leider;text_03;297
meine;meine;text_03;298
Witze;Witze;text_03;299
nicht.\“;nicht;text_03;300
Jerry;Jerry;text_04;1
Robinson;Robinson;text_04;2
war;war;text_04;3
erst;erst;text_04;4
17;17;text_04;5
als;als;text_04;6
er;er;text_04;7
die;die;text_04;8
wichtigste;wichtigste;text_04;9
Entscheidung;Entscheidung;text_04;10
seines;seines;text_04;11
Lebens;Lebens;text_04;12
traf -;traf;text_04;13
und;und;text_04;14
möglicherweise;möglicherweise;text_04;15
seinen;seinen;text_04;16
größten;größten;text_04;17
Fehler;Fehler;text_04;18
beging.;beging;text_04;19
Statt;Statt;text_04;20
wie;wie;text_04;21
geplant;geplant;text_04;22
aufs;aufs;text_04;23
College;College;text_04;24
zu;zu;text_04;25
gehen,;gehen;text_04;26
ließ;ließ;text_04;27
er;er;text_04;28
sich;sich;text_04;29
von;von;text_04;30
einem;einem;text_04;31
Mann;Mann;text_04;32
namens;namens;text_04;33
Bob;Bob;text_04;34
Kane;Kane;text_04;35
als;als;text_04;36
Zeichner;Zeichner;text_04;37
engagieren.;engagieren;text_04;38
Kane;Kane;text_04;39
hatte;hatte;text_04;40
gerade;gerade;text_04;41
die;die;text_04;42
Zeichnungen;Zeichnungen;text_04;43
für;für;text_04;44
ein;ein;text_04;45
Comicheft;Comicheft;text_04;46
abgeliefert,;abgeliefert;text_04;47
in;in;text_04;48
dem;dem;text_04;49
er;er;text_04;50
eine;eine;text_04;51
völlig;völlig;text_04;52
neue;neue;text_04;53
Figur;Figur;text_04;54
auftreten;auftreten;text_04;55
ließ,;ließ;text_04;56
genannt;genannt;text_04;57
\“Batman\“.;Batman;text_04;58
Jetzt;Jetzt;text_04;59
machte;machte;text_04;60
er;er;text_04;61
Urlaub;Urlaub;text_04;62
in;in;text_04;63
den;den;text_04;64
Poconos,;Poconos;text_04;65
einem;einem;text_04;66
Ausflugsgebiet;Ausflugsgebiet;text_04;67
in;in;text_04;68
Pennsylvania.;Pennsylvania;text_04;69
Der;Der;text_04;70
untergewichtige;untergewichtige;text_04;71
Jerry;Jerry;text_04;72
Robinson;Robinson;text_04;73
war;war;text_04;74
auf;auf;text_04;75
einer;einer;text_04;76
Kur;Kur;text_04;77
dort,;dort;text_04;78
um;um;text_04;79
Gewicht;Gewicht;text_04;80
zuzulegen.;zuzulegen;text_04;81
Um;Um;text_04;82
Bob;Bob;text_04;83
Kane;Kane;text_04;84
von;von;text_04;85
seinem;seinem;text_04;86
Talent;Talent;text_04;87
als;als;text_04;88
Zeichner;Zeichner;text_04;89
zu;zu;text_04;90
überzeugen,;überzeugen;text_04;91
fertigte;fertigte;text_04;92
Jerry;Jerry;text_04;93
Robinson;Robinson;text_04;94
für;für;text_04;95
ihn;ihn;text_04;96
ein;ein;text_04;97
paar;paar;text_04;98
Zeichnungen;Zeichnungen;text_04;99
an.;an;text_04;100
Da;Da;text_04;101
er;er;text_04;102
kein;kein;text_04;103
Papier;Papier;text_04;104
zur;zur;text_04;105
Hand;Hand;text_04;106
hatte,;hatte;text_04;107
zeichnete;zeichnete;text_04;108
er;er;text_04;109
kurzerhand;kurzerhand;text_04;110
auf;auf;text_04;111
seiner;seiner;text_04;112
Jacke.;Jacke;text_04;113
Beeindruckt;Beeindruckt;text_04;114
stellte;stellte;text_04;115
Kane;Kane;text_04;116
den;den;text_04;117
Jungen;Jungen;text_04;118
an.;an;text_04;119
Bereits;Bereits;text_04;120
ab;ab;text_04;121
der;der;text_04;122
dritten;dritten;text_04;123
Ausgabe;Ausgabe;text_04;124
der;der;text_04;125
Batman-Comics;Batman-Comics;text_04;126
war;war;text_04;127
er;er;text_04;128
der;der;text_04;129
Hauptzeichner;Hauptzeichner;text_04;130
der;der;text_04;131
Serie.;Serie;text_04;132
Seine;Seine;text_04;133
Zeichnungen;Zeichnungen;text_04;134
fertigte;fertigte;text_04;135
er;er;text_04;136
vor;vor;text_04;137
allem;allem;text_04;138
nachts;nachts;text_04;139
an.;an;text_04;140
Tagsüber;Tagsüber;text_04;141
studierte;studierte;text_04;142
er;er;text_04;143
Journalistik;Journalistik;text_04;144
in;in;text_04;145
New;New;text_04;146
York.;York;text_04;147
Neben;Neben;text_04;148
dem;dem;text_04;149
Zeichnen;Zeichnen;text_04;150
tat;tat;text_04;151
er;er;text_04;152
sich;sich;text_04;153
auch;auch;text_04;154
bei;bei;text_04;155
der;der;text_04;156
Entwicklung;Entwicklung;text_04;157
der;der;text_04;158
Figuren;Figuren;text_04;159
hervor.;hervor;text_04;160
Von;Von;text_04;161
ihm;ihm;text_04;162
stammten;stammten;text_04;163
die;die;text_04;164
Entwürfe;Entwürfe;text_04;165
für;für;text_04;166
Batmans;Batmans;text_04;167
Butler;Butler;text_04;168
Alfred;Alfred;text_04;169
und;und;text_04;170
Batmans;Batmans;text_04;171
Helfer,;Helfer;text_04;172
den;den;text_04;173
jungen;jungen;text_04;174
Robin.;Robin;text_04;175
Fast;Fast;text_04;176
zeitgleich;zeitgleich;text_04;177
hatte;hatte;text_04;178
der;der;text_04;179
Joker,;Joker;text_04;180
Batmans;Batmans;text_04;181
Erzfeind,;Erzfeind;text_04;182
seinen;seinen;text_04;183
ersten;ersten;text_04;184
Auftritt;Auftritt;text_04;185
in;in;text_04;186
einem;einem;text_04;187
weiteren;weiteren;text_04;188
Heft.;Heft;text_04;189
Robinson;Robinson;text_04;190
behauptete;behauptete;text_04;191
später,;später;text_04;192
die;die;text_04;193
Idee;Idee;text_04;194
zur;zur;text_04;195
Figur;Figur;text_04;196
des;des;text_04;197
Jokers;Jokers;text_04;198
sei;sei;text_04;199
von;von;text_04;200
ihm;ihm;text_04;201
ausgegangen.;ausgegangen;text_04;202
Inspiriert;Inspiriert;text_04;203
wurde;wurde;text_04;204
er;er;text_04;205
dabei;dabei;text_04;206
durch;durch;text_04;207
ein;ein;text_04;208
Kartenspiel,;Kartenspiel;text_04;209
das;das;text_04;210
seine;seine;text_04;211
Kollegen;Kollegen;text_04;212
immer;immer;text_04;213
zur;zur;text_04;214
Hand;Hand;text_04;215
hatten.;hatten;text_04;216
Laut;Laut;text_04;217
Bob;Bob;text_04;218
Kane;Kane;text_04;219
beruht;beruht;text_04;220
der;der;text_04;221
Entwurf;Entwurf;text_04;222
des;des;text_04;223
Schurken;Schurken;text_04;224
dagegen;dagegen;text_04;225
auf;auf;text_04;226
einer;einer;text_04;227
Szene;Szene;text_04;228
aus;aus;text_04;229
einem;einem;text_04;230
Stummfilm.;Stummfilm;text_04;231
\“Robinson;Robinson;text_04;232
hatte;hatte;text_04;233
nichts;nichts;text_04;234
damit;damit;text_04;235
zu;zu;text_04;236
tun\“,;tun;text_04;237
war;war;text_04;238
sein;sein;text_04;239
drastisches;drastisches;text_04;240
Urteil.;Urteil;text_04;241
Hier;Hier;text_04;242
rächte;rächte;text_04;243
es;es;text_04;244
sich,;sich;text_04;245
dass;dass;text_04;246
Jerry;Jerry;text_04;247
Robinson;Robinson;text_04;248
lediglich;lediglich;text_04;249
als;als;text_04;250
Assistent;Assistent;text_04;251
engagiert;engagiert;text_04;252
war,;war;text_04;253
auch;auch;text_04;254
wenn;wenn;text_04;255
er;er;text_04;256
der;der;text_04;257
Hauptzeichner;Hauptzeichner;text_04;258
war.;war;text_04;259
Kane;Kane;text_04;260
dagegen;dagegen;text_04;261
hatte;hatte;text_04;262
sich;sich;text_04;263
alle;alle;text_04;264
Rechte;Rechte;text_04;265
an;an;text_04;266
den;den;text_04;267
Figuren;Figuren;text_04;268
zugesichert.;zugesichert;text_04;269
Nicht;Nicht;text_04;270
zuletzt;zuletzt;text_04;271
deshalb;deshalb;text_04;272
begann;begann;text_04;273
Jerry;Jerry;text_04;274
Robinson;Robinson;text_04;275
ab;ab;text_04;276
1940;1940;text_04;277
nicht;nicht;text_04;278
mehr;mehr;text_04;279
für;für;text_04;280
Kane,;Kane;text_04;281
sondern;sondern;text_04;282
für;für;text_04;283
den;den;text_04;284
Comic-Verlag;ComicVerlag;text_04;285
direkt;direkt;text_04;286
zu;zu;text_04;287
arbeiten.;arbeiten;text_04;288
In;In;text_04;289
dessen;dessen;text_04;290
Studio;Studio;text_04;291
saß;saß;text_04;292
er;er;text_04;293
zeitweise;zeitweise;text_04;294
neben;neben;text_04;295
\“Superman\“-Miterfinder;Superman-Miterfinder;text_04;296
Joe;Joe;text_04;297
Shuster;Shuster;text_04;298
am;am;text_04;299
Zeichentisch.;Zeichentisch;text_04;300
Die;Die;text_05;1
Korallenriffe;Korallenriffe;text_05;2
und;und;text_05;3
die;die;text_05;4
sandigen;sandigen;text_05;5
Buchten;Buchten;text_05;6
sind;sind;text_05;7
perfekt;perfekt;text_05;8
für;für;text_05;9
jede;jede;text_05;10
Urlaubsbroschüre.;Urlaubsbroschüre;text_05;11
Insgesamt;Insgesamt;text_05;12
ist;ist;text_05;13
die;die;text_05;14
Inselgruppe;Inselgruppe;text_05;15
namens;namens;text_05;16
Nosy;Nosy;text_05;17
Hara;Hara;text_05;18
vor;vor;text_05;19
Madagaskar;Madagaskar;text_05;20
aber;aber;text_05;21
doch;doch;text_05;22
recht;recht;text_05;23
karg.;karg;text_05;24
In;In;text_05;25
dieser;dieser;text_05;26
eher;eher;text_05;27
lebensfeindlichen;lebensfeindlichen;text_05;28
Umgebung;Umgebung;text_05;29
haben;haben;text_05;30
Biologen;Biologen;text_05;31
nun;nun;text_05;32
eine;eine;text_05;33
neue;neue;text_05;34
Tierart;Tierart;text_05;35
entdeckt:;entdeckt;text_05;36
Das;Das;text_05;37
winzige;winzige;text_05;38
Chamäleon;Chamäleon;text_05;39
Brookesia;Brookesia;text_05;40
micra.;micra;text_05;41
Von;Von;text_05;42
der;der;text_05;43
Schnauze;Schnauze;text_05;44
bis;bis;text_05;45
zum;zum;text_05;46
Schwanzende;Schwanzende;text_05;47
misst;misst;text_05;48
es;es;text_05;49
weniger;weniger;text_05;50
als;als;text_05;51
drei;drei;text_05;52
Zentimeter.;Zentimeter;text_05;53
Farblich;Farblich;text_05;54
machen;machen;text_05;55
die;die;text_05;56
braunen;braunen;text_05;57
Tierchen;Tierchen;text_05;58
wenig;wenig;text_05;59
her.;her;text_05;60
Doch;Doch;text_05;61
ihre;ihre;text_05;62
winzige;winzige;text_05;63
Körpergröße;Körpergröße;text_05;64
fasziniert;fasziniert;text_05;65
die;die;text_05;66
Forscher.;Forscher;text_05;67
\“Das;Das;text_05;68
ist;ist;text_05;69
nichts,;nichts;text_05;70
wo;wo;text_05;71
man;man;text_05;72
viele;viele;text_05;73
Untersuchungen;Untersuchungen;text_05;74
machen;machen;text_05;75
muss.;muss;text_05;76
Man;Man;text_05;77
erkennt;erkennt;text_05;78
auch;auch;text_05;79
so,;so;text_05;80
dass;dass;text_05;81
das;das;text_05;82
etwas;etwas;text_05;83
Neues;Neues;text_05;84
ist\“,;ist;text_05;85
sagt;sagt;text_05;86
Miguel;Miguel;text_05;87
Vences.;Vences;text_05;88
Der;Der;text_05;89
Zoologe;Zoologe;text_05;90
berichtet;berichtet;text_05;91
in;in;text_05;92
einem;einem;text_05;93
Fachartikel;Fachartikel;text_05;94
gleich;gleich;text_05;95
von;von;text_05;96
vier;vier;text_05;97
neuen;neuen;text_05;98
Arten;Arten;text_05;99
von;von;text_05;100
Mini-Chamäleons.;Mini-Chamäleons;text_05;101
Laut;Laut;text_05;102
den;den;text_05;103
Forschern;Forschern;text_05;104
weiß;weiß;text_05;105
man;man;text_05;106
von;von;text_05;107
den;den;text_05;108
Tieren;Tieren;text_05;109
jedoch;jedoch;text_05;110
kaum;kaum;text_05;111
mehr,;mehr;text_05;112
als;als;text_05;113
dass;dass;text_05;114
es;es;text_05;115
sie;sie;text_05;116
gibt.;gibt;text_05;117
Zu;Zu;text_05;118
ihrer;ihrer;text_05;119
Lebensweise;Lebensweise;text_05;120
ist;ist;text_05;121
nur;nur;text_05;122
sehr;sehr;text_05;123
wenig;wenig;text_05;124
bekannt.;bekannt;text_05;125
Tagsüber;Tagsüber;text_05;126
leben;leben;text_05;127
die;die;text_05;128
kleinen;kleinen;text_05;129
Chamäleons;Chamäleons;text_05;130
am;am;text_05;131
Boden.;Boden;text_05;132
Wenn;Wenn;text_05;133
möglich;möglich;text_05;134
verbergen;verbergen;text_05;135
sie;sie;text_05;136
sich;sich;text_05;137
dabei;dabei;text_05;138
unter;unter;text_05;139
einer;einer;text_05;140
Schicht;Schicht;text_05;141
Laub.;Laub;text_05;142
Nachts;Nachts;text_05;143
geht;geht;text_05;144
es;es;text_05;145
dann;dann;text_05;146
auf;auf;text_05;147
niedrig;niedrig;text_05;148
gelegene;gelegene;text_05;149
Äste;Äste;text_05;150
zum;zum;text_05;151
Schlafen.;Schlafen;text_05;152
Direkte;Direkte;text_05;153
Fressfeinde;Fressfeinde;text_05;154
haben;haben;text_05;155
die;die;text_05;156
Tierchen;Tierchen;text_05;157
allerdings;allerdings;text_05;158
wohl;wohl;text_05;159
eher;eher;text_05;160
nicht.;nicht;text_05;161
Zu;Zu;text_05;162
ihrem;ihrem;text_05;163
Glück,;Glück;text_05;164
so;so;text_05;165
die;die;text_05;166
Forscher.;Forscher;text_05;167
Auf;Auf;text_05;168
solchen;solchen;text_05;169
kleinen;kleinen;text_05;170
Inseln;Inseln;text_05;171
kann;kann;text_05;172
die;die;text_05;173
Konkurrenz;Konkurrenz;text_05;174
zwischen;zwischen;text_05;175
den;den;text_05;176
Tierarten;Tierarten;text_05;177
schnell;schnell;text_05;178
sehr;sehr;text_05;179
groß;groß;text_05;180
werden.;werden;text_05;181
Auch;Auch;text_05;182
die;die;text_05;183
anderen;anderen;text_05;184
neuen;neuen;text_05;185
Chamäleon-Arten;Chamäleon-Arten;text_05;186
besiedeln;besiedeln;text_05;187
nur;nur;text_05;188
kleine;kleine;text_05;189
Gebiete;Gebiete;text_05;190
auf;auf;text_05;191
Madagaskar.;Madagaskar;text_05;192
Durch;Durch;text_05;193
die;die;text_05;194
Zerstörung;Zerstörung;text_05;195
ihres;ihres;text_05;196
Lebensraums;Lebensraums;text_05;197
sind;sind;text_05;198
sie;sie;text_05;199
jedoch;jedoch;text_05;200
besonders;besonders;text_05;201
bedroht.;bedroht;text_05;202
Rund;Rund;text_05;203
40;40;text_05;204
Prozent;Prozent;text_05;205
der;der;text_05;206
Reptilien-Arten;ReptilienArten;text_05;207
auf;auf;text_05;208
Madagaskar;Madagaskar;text_05;209
gelten;gelten;text_05;210
mittlerweile;mittlerweile;text_05;211
als;als;text_05;212
gefährdet.;gefährdet;text_05;213
Die;Die;text_05;214
Forscher;Forscher;text_05;215
befürchten,;befürchten;text_05;216
dass;dass;text_05;217
auch;auch;text_05;218
Brookesia;Brookesia;text_05;219
tristis,;tristis;text_05;220
eine;eine;text_05;221
weitere;weitere;text_05;222
neu;neu;text_05;223
entdeckte;entdeckte;text_05;224
Art,;Art;text_05;225
einer;einer;text_05;226
ungewissen;ungewissen;text_05;227
Zukunft;Zukunft;text_05;228
entgegen;entgegen;text_05;229
sieht.;sieht;text_05;230
Zwar;Zwar;text_05;231
ist;ist;text_05;232
der;der;text_05;233
Lebensraum;Lebensraum;text_05;234
des;des;text_05;235
Chamäleons;Chamäleons;text_05;236
vor;vor;text_05;237
wenigen;wenigen;text_05;238
Jahren;Jahren;text_05;239
unter;unter;text_05;240
Schutz;Schutz;text_05;241
gestellt;gestellt;text_05;242
worden,;worden;text_05;243
doch;doch;text_05;244
die;die;text_05;245
Abholzung;Abholzung;text_05;246
des;des;text_05;247
Gebiets;Gebiets;text_05;248
hat;hat;text_05;249
seitdem;seitdem;text_05;250
leider;leider;text_05;251
sogar;sogar;text_05;252
noch;noch;text_05;253
zugenommen.;zugenommen;text_05;254
Mit;Mit;text_05;255
der;der;text_05;256
Wahl;Wahl;text_05;257
der;der;text_05;258
Namen;Namen;text_05;259
der;der;text_05;260
neu;neu;text_05;261
entdeckten;entdeckten;text_05;262
Chamäleon-Arten;Chamäleon-Arten;text_05;263
wollen;wollen;text_05;264
sie;sie;text_05;265
auf;auf;text_05;266
die;die;text_05;267
große;große;text_05;268
Gefahr;Gefahr;text_05;269
hinweisen,;hinweisen;text_05;270
die;die;text_05;271
den;den;text_05;272
Chamäleons;Chamäleons;text_05;273
droht.;droht;text_05;274
Die;Die;text_05;275
Botschaft;Botschaft;text_05;276
hinter;hinter;text_05;277
den;den;text_05;278
Namen;Namen;text_05;279
Brookesia;Brookesia;text_05;280
desperata;desperata;text_05;281
und;und;text_05;282
Brookesia;Brookesia;text_05;283
tristis;tristis;text_05;284
versteht;versteht;text_05;285
man;man;text_05;286
auch;auch;text_05;287
ohne;ohne;text_05;288
Latein;Latein;text_05;289
zu;zu;text_05;290
können:;können;text_05;291
Desperata;Desperata;text_05;292
heißt;heißt;text_05;293
verzweifelt;verzweifelt;text_05;294
und;und;text_05;295
tristis;tristis;text_05;296
so;so;text_05;297
viel;viel;text_05;298
wie;wie;text_05;299
traurig.;traurig;text_05;300
In;In;text_06;1
den;den;text_06;2
siebziger;siebziger;text_06;3
Jahren;Jahren;text_06;4
war;war;text_06;5
Mauritius;Mauritius;text_06;6
eine;eine;text_06;7
kleine;kleine;text_06;8
Insel;Insel;text_06;9
mitten;mitten;text_06;10
im;im;text_06;11
Indischen;Indischen;text_06;12
Ozean,;Ozean;text_06;13
die;die;text_06;14
im;im;text_06;15
Ausland;Ausland;text_06;16
niemand;niemand;text_06;17
kannte.;kannte;text_06;18
Heute;Heute;text_06;19
ist;ist;text_06;20
sie;sie;text_06;21
dagegen;dagegen;text_06;22
weltweit;weltweit;text_06;23
als;als;text_06;24
paradiesisches;paradiesisches;text_06;25
Urlaubsziel;Urlaubsziel;text_06;26
bekannt.;bekannt;text_06;27
Doch;Doch;text_06;28
schon;schon;text_06;29
lange;lange;text_06;30
bevor;bevor;text_06;31
die;die;text_06;32
ersten;ersten;text_06;33
Touristen;Touristen;text_06;34
kamen,;kamen;text_06;35
war;war;text_06;36
Mauritius;Mauritius;text_06;37
in;in;text_06;38
einigen;einigen;text_06;39
Teilen;Teilen;text_06;40
der;der;text_06;41
Welt;Welt;text_06;42
sehr;sehr;text_06;43
bekannt.;bekannt;text_06;44
Die;Die;text_06;45
Portugiesen;Portugiesen;text_06;46
waren;waren;text_06;47
die;die;text_06;48
Ersten,;Ersten;text_06;49
die;die;text_06;50
die;die;text_06;51
Insel;Insel;text_06;52
entdeckten.;entdeckten;text_06;53
Sie;Sie;text_06;54
nannten;nannten;text_06;55
sie;sie;text_06;56
\“Schwaneninsel\“,;Schwaneninsel;text_06;57
ließen;ließen;text_06;58
sich;sich;text_06;59
aber;aber;text_06;60
nicht;nicht;text_06;61
auf;auf;text_06;62
ihr;ihr;text_06;63
nieder.;nieder;text_06;64
Erst;Erst;text_06;65
fast;fast;text_06;66
hundert;hundert;text_06;67
Jahre;Jahre;text_06;68
später;später;text_06;69
kamen;kamen;text_06;70
die;die;text_06;71
Holländer.;Holländer;text_06;72
Sie;Sie;text_06;73
gaben;gaben;text_06;74
der;der;text_06;75
Insel;Insel;text_06;76
zu;zu;text_06;77
Ehren;Ehren;text_06;78
des;des;text_06;79
holländischen;holländischen;text_06;80
Prinzen;Prinzen;text_06;81
Moritz;Moritz;text_06;82
den;den;text_06;83
Namen;Namen;text_06;84
\“Mauritius\“.;Mauritius;text_06;85
Den;Den;text_06;86
Namen;Namen;text_06;87
Mauritius;Mauritius;text_06;88
hat;hat;text_06;89
sie;sie;text_06;90
bis;bis;text_06;91
heute;heute;text_06;92
behalten.;behalten;text_06;93
Die;Die;text_06;94
Holländer;Holländer;text_06;95
begannen,;begannen;text_06;96
an;an;text_06;97
der;der;text_06;98
Küste;Küste;text_06;99
Felder;Felder;text_06;100
anzulegen.;anzulegen;text_06;101
Sie;Sie;text_06;102
brachten;brachten;text_06;103
Zuckerrohr,;Zuckerrohr;text_06;104
Wild;Wild;text_06;105
und;und;text_06;106
Affen;Affen;text_06;107
mit;mit;text_06;108
auf;auf;text_06;109
die;die;text_06;110
Insel.;Insel;text_06;111
Sie;Sie;text_06;112
bauten;bauten;text_06;113
Häuser;Häuser;text_06;114
und;und;text_06;115
Festungen;Festungen;text_06;116
und;und;text_06;117
holzten;holzten;text_06;118
die;die;text_06;119
dichten;dichten;text_06;120
Wälder;Wälder;text_06;121
aus;aus;text_06;122
Ebenholz;Ebenholz;text_06;123
ab.;ab;text_06;124
Zu;Zu;text_06;125
dieser;dieser;text_06;126
Zeit;Zeit;text_06;127
lebten;lebten;text_06;128
auf;auf;text_06;129
Mauritius;Mauritius;text_06;130
noch;noch;text_06;131
viele;viele;text_06;132
Dodos.;Dodos;text_06;133
Die;Die;text_06;134
flugunfähigen;flugunfähigen;text_06;135
Vögel;Vögel;text_06;136
hatten;hatten;text_06;137
keine;keine;text_06;138
natürlichen;natürlichen;text_06;139
Feinde;Feinde;text_06;140
auf;auf;text_06;141
der;der;text_06;142
Insel;Insel;text_06;143
und;und;text_06;144
waren;waren;text_06;145
daher;daher;text_06;146
zu;zu;text_06;147
ihrem;ihrem;text_06;148
eigenen;eigenen;text_06;149
Unglück;Unglück;text_06;150
sehr;sehr;text_06;151
zahm.;zahm;text_06;152
Für;Für;text_06;153
die;die;text_06;154
Holländer;Holländer;text_06;155
machte;machte;text_06;156
sie;sie;text_06;157
das;das;text_06;158
zur;zur;text_06;159
perfekten;perfekten;text_06;160
Jagdbeute.;Jagdbeute;text_06;161
Der;Der;text_06;162
Dodo;Dodo;text_06;163
wurde;wurde;text_06;164
so;so;text_06;165
stark;stark;text_06;166
bejagt,;bejagt;text_06;167
dass;dass;text_06;168
er;er;text_06;169
schon;schon;text_06;170
einige;einige;text_06;171
Jahrzehnte;Jahrzehnte;text_06;172
nach;nach;text_06;173
Ankunft;Ankunft;text_06;174
der;der;text_06;175
Holländer;Holländer;text_06;176
vollständig;vollständig;text_06;177
ausgerottet;ausgerottet;text_06;178
war.;war;text_06;179
Heute;Heute;text_06;180
ist;ist;text_06;181
er;er;text_06;182
das;das;text_06;183
Nationalsymbol;Nationalsymbol;text_06;184
von;von;text_06;185
Mauritius.;Mauritius;text_06;186
Als;Als;text_06;187
kein;kein;text_06;188
Holz;Holz;text_06;189
mehr;mehr;text_06;190
zu;zu;text_06;191
holen;holen;text_06;192
und;und;text_06;193
die;die;text_06;194
Natur;Natur;text_06;195
schwer;schwer;text_06;196
geschädigt;geschädigt;text_06;197
war,;war;text_06;198
verließen;verließen;text_06;199
die;die;text_06;200
Holländer;Holländer;text_06;201
Mauritius.;Mauritius;text_06;202
Um;Um;text_06;203
die;die;text_06;204
Kontrolle;Kontrolle;text_06;205
der;der;text_06;206
Insel;Insel;text_06;207
brach;brach;text_06;208
ein;ein;text_06;209
erbitterter;erbitterter;text_06;210
Krieg;Krieg;text_06;211
zwischen;zwischen;text_06;212
Briten;Briten;text_06;213
und;und;text_06;214
Franzosen;Franzosen;text_06;215
aus.;aus;text_06;216
Aber;Aber;text_06;217
wer;wer;text_06;218
lebt;lebt;text_06;219
heute;heute;text_06;220
dort?;dort;text_06;221
Die;Die;text_06;222
Bevölkerung;Bevölkerung;text_06;223
von;von;text_06;224
Mauritius;Mauritius;text_06;225
ist;ist;text_06;226
das;das;text_06;227
Ergebnis;Ergebnis;text_06;228
einer;einer;text_06;229
Vermischung;Vermischung;text_06;230
verschiedener;verschiedener;text_06;231
Kulturen;Kulturen;text_06;232
und;und;text_06;233
Religionen.;Religionen;text_06;234
Viele;Viele;text_06;235
der;der;text_06;236
Menschen;Menschen;text_06;237
kamen;kamen;text_06;238
nicht;nicht;text_06;239
freiwillig.;freiwillig;text_06;240
Die;Die;text_06;241
Holländer;Holländer;text_06;242
brachten;brachten;text_06;243
afrikanische;afrikanische;text_06;244
Sklaven;Sklaven;text_06;245
mit;mit;text_06;246
auf;auf;text_06;247
die;die;text_06;248
Insel.;Insel;text_06;249
Aus;Aus;text_06;250
Indien;Indien;text_06;251
kamen;kamen;text_06;252
Arbeiter;Arbeiter;text_06;253
für;für;text_06;254
die;die;text_06;255
Zuckerrohr-Plantagen;Zuckerrohr-Plantagen;text_06;256
und;und;text_06;257
Handwerker,;Handwerker;text_06;258
die;die;text_06;259
beim;beim;text_06;260
Bau;Bau;text_06;261
von;von;text_06;262
Brücken;Brücken;text_06;263
und;und;text_06;264
Straßen;Straßen;text_06;265
halfen.;halfen;text_06;266
Zeitgleich;Zeitgleich;text_06;267
mit;mit;text_06;268
den;den;text_06;269
Indern;Indern;text_06;270
kamen;kamen;text_06;271
auch;auch;text_06;272
muslimische;muslimische;text_06;273
und;und;text_06;274
chinesische;chinesische;text_06;275
Händler;Händler;text_06;276
nach;nach;text_06;277
Mauritius. ;Mauritius ;text_06;278
Die;Die;text_06;279
Nachfahren;Nachfahren;text_06;280
von;von;text_06;281
Indern,;Indern;text_06;282
Franzosen,;Franzosen;text_06;283
Chinesen,;Chinesen;text_06;284
Arabern;Arabern;text_06;285
und;und;text_06;286
afrikanischen;afrikanischen;text_06;287
Sklaven;Sklaven;text_06;288
bilden;bilden;text_06;289
heute;heute;text_06;290
auf;auf;text_06;291
Mauritius;Mauritius;text_06;292
eine;eine;text_06;293
der;der;text_06;294
wenigen;wenigen;text_06;295
echten;echten;text_06;296
multikulturellen;multikulturellen;text_06;297
Gesellschaften;Gesellschaften;text_06;298
der;der;text_06;299
Welt.;Welt;text_06;300
Wer;Wer;text_07;1
Angkor;Angkor;text_07;2
sagt,;sagt;text_07;3
meint;meint;text_07;4
in;in;text_07;5
der;der;text_07;6
Regel;Regel;text_07;7
Angkor;Angkor;text_07;8
Wat.;Wat;text_07;9
Die;Die;text_07;10
berühmte;berühmte;text_07;11
Tempelanlage;Tempelanlage;text_07;12
wurde;wurde;text_07;13
vermutlich;vermutlich;text_07;14
vor;vor;text_07;15
knapp;knapp;text_07;16
900;900;text_07;17
Jahren;Jahren;text_07;18
in;in;text_07;19
den;den;text_07;20
Dschungel;Dschungel;text_07;21
Kambodschas;Kambodschas;text_07;22
gebaut.;gebaut;text_07;23
Seit;Seit;text_07;24
mehr;mehr;text_07;25
als;als;text_07;26
hundert;hundert;text_07;27
Jahren;Jahren;text_07;28
hat;hat;text_07;29
sich;sich;text_07;30
die;die;text_07;31
Wissenschaft;Wissenschaft;text_07;32
auf;auf;text_07;33
die;die;text_07;34
riesigen;riesigen;text_07;35
Tempelanlagen;Tempelanlagen;text_07;36
und;und;text_07;37
ihre;ihre;text_07;38
Inschriften;Inschriften;text_07;39
konzentriert.;konzentriert;text_07;40
Für;Für;text_07;41
die;die;text_07;42
Lebensweise;Lebensweise;text_07;43
der;der;text_07;44
Bewohner;Bewohner;text_07;45
der;der;text_07;46
Region;Region;text_07;47
hat;hat;text_07;48
sich;sich;text_07;49
hingegen;hingegen;text_07;50
kaum;kaum;text_07;51
jemand;jemand;text_07;52
interessiert.;interessiert;text_07;53
Das;Das;text_07;54
Team;Team;text_07;55
um;um;text_07;56
den;den;text_07;57
Forscher;Forscher;text_07;58
Damian;Damian;text_07;59
Evans;Evans;text_07;60
hat;hat;text_07;61
nun;nun;text_07;62
erstmals;erstmals;text_07;63
eine;eine;text_07;64
Karte;Karte;text_07;65
von;von;text_07;66
Angkor;Angkor;text_07;67
Wat;Wat;text_07;68
erstellt.;erstellt;text_07;69
Die;Die;text_07;70
Karte;Karte;text_07;71
zeigt,;zeigt;text_07;72
dass;dass;text_07;73
Angkor;Angkor;text_07;74
Wat;Wat;text_07;75
eine;eine;text_07;76
richtige;richtige;text_07;77
Stadt;Stadt;text_07;78
war,;war;text_07;79
nicht;nicht;text_07;80
nur;nur;text_07;81
eine;eine;text_07;82
kleine;kleine;text_07;83
Tempelanlage.;Tempelanlage;text_07;84
Die;Die;text_07;85
Forscher;Forscher;text_07;86
gehen;gehen;text_07;87
davon;davon;text_07;88
aus,;aus;text_07;89
dass;dass;text_07;90
Ihre;Ihre;text_07;91
Größe;Größe;text_07;92
sogar;sogar;text_07;93
New;New;text_07;94
York;York;text_07;95
übertroffen;übertroffen;text_07;96
haben;haben;text_07;97
könnte.;könnte;text_07;98
Damit;Damit;text_07;99
ist;ist;text_07;100
\“Groß-Angkor\“;Groß-Angkor;text_07;101
die;die;text_07;102
mit;mit;text_07;103
Abstand;Abstand;text_07;104
größte;größte;text_07;105
vorindustrielle;vorindustrielle;text_07;106
Siedlung;Siedlung;text_07;107
der;der;text_07;108
Welt.;Welt;text_07;109
Selbst;Selbst;text_07;110
die;die;text_07;111
riesigen;riesigen;text_07;112
Städte;Städte;text_07;113
der;der;text_07;114
Maya;Maya;text_07;115
erscheinen;erscheinen;text_07;116
dagegen;dagegen;text_07;117
winzig.;winzig;text_07;118
Die;Die;text_07;119
Forscher;Forscher;text_07;120
fanden;fanden;text_07;121
außerdem;außerdem;text_07;122
heraus,;heraus;text_07;123
dass;dass;text_07;124
Angkor;Angkor;text_07;125
eine;eine;text_07;126
hydraulische;hydraulische;text_07;127
Stadt;Stadt;text_07;128
war.;war;text_07;129
Dank;Dank;text_07;130
eines;eines;text_07;131
komplizierten;komplizierten;text_07;132
Bewässerungssystems;Bewässerungssystems;text_07;133
konnten;konnten;text_07;134
die;die;text_07;135
mehr;mehr;text_07;136
als;als;text_07;137
eine;eine;text_07;138
Million;Million;text_07;139
Bewohner;Bewohner;text_07;140
versorgt;versorgt;text_07;141
werden.;werden;text_07;142
Durch;Durch;text_07;143
das;das;text_07;144
riesige;riesige;text_07;145
Netz;Netz;text_07;146
aus;aus;text_07;147
Flüssen,;Flüssen;text_07;148
Kanälen;Kanälen;text_07;149
und;und;text_07;150
Stauseen;Stauseen;text_07;151
hat;hat;text_07;152
die;die;text_07;153
mittelalterliche;mittelalterliche;text_07;154
Stadt;Stadt;text_07;155
mehrmals;mehrmals;text_07;156
im;im;text_07;157
Jahr;Jahr;text_07;158
Reis;Reis;text_07;159
ernten;ernten;text_07;160
können.;können;text_07;161
Das;Das;text_07;162
verschaffte;verschaffte;text_07;163
den;den;text_07;164
Bewohnern;Bewohnern;text_07;165
nicht;nicht;text_07;166
nur;nur;text_07;167
volle;volle;text_07;168
Teller,;Teller;text_07;169
sondern;sondern;text_07;170
auch;auch;text_07;171
einen;einen;text_07;172
enormen;enormen;text_07;173
Reichtum.;Reichtum;text_07;174
Die;Die;text_07;175
Stadt;Stadt;text_07;176
umgab;umgab;text_07;177
ein;ein;text_07;178
riesiges;riesiges;text_07;179
Geflecht;Geflecht;text_07;180
aus;aus;text_07;181
Äckern,;Äckern;text_07;182
Häusern;Häusern;text_07;183
und;und;text_07;184
Seen,;Seen;text_07;185
das;das;text_07;186
sich;sich;text_07;187
über;über;text_07;188
mindestens;mindestens;text_07;189
tausend;tausend;text_07;190
Quadratkilometer;Quadratkilometer;text_07;191
erstreckte.;erstreckte;text_07;192
Auf;Auf;text_07;193
dieser;dieser;text_07;194
Fläche;Fläche;text_07;195
gibt;gibt;text_07;196
es;es;text_07;197
kaum;kaum;text_07;198
einen;einen;text_07;199
Fleck,;Fleck;text_07;200
der;der;text_07;201
nicht;nicht;text_07;202
genutzt;genutzt;text_07;203
worden;worden;text_07;204
ist.;ist;text_07;205
Das;Das;text_07;206
Bewässerungsnetz;Bewässerungsnetz;text_07;207
war;war;text_07;208
sogar;sogar;text_07;209
dazu;dazu;text_07;210
geeignet,;geeignet;text_07;211
den;den;text_07;212
Reisanbau;Reisanbau;text_07;213
zu;zu;text_07;214
stärken.;stärken;text_07;215
Für;Für;text_07;216
den;den;text_07;217
Anbau;Anbau;text_07;218
von;von;text_07;219
Reis;Reis;text_07;220
braucht;braucht;text_07;221
man;man;text_07;222
jedoch;jedoch;text_07;223
extrem;extrem;text_07;224
viel;viel;text_07;225
Wasser;Wasser;text_07;226
und;und;text_07;227
riesige;riesige;text_07;228
Flächen.;Flächen;text_07;229
Um;Um;text_07;230
die;die;text_07;231
Felder;Felder;text_07;232
und;und;text_07;233
die;die;text_07;234
künstlichen;künstlichen;text_07;235
Seen,;Seen;text_07;236
Flüsse;Flüsse;text_07;237
und;und;text_07;238
Kanäle;Kanäle;text_07;239
anzulegen,;anzulegen;text_07;240
mussten;mussten;text_07;241
große;große;text_07;242
Waldflächen;Waldflächen;text_07;243
gerodet;gerodet;text_07;244
werden.;werden;text_07;245
Mit;Mit;text_07;246
der;der;text_07;247
Zeit;Zeit;text_07;248
führte;führte;text_07;249
das;das;text_07;250
wahrscheinlich;wahrscheinlich;text_07;251
zu;zu;text_07;252
riesigen;riesigen;text_07;253
Problemen;Problemen;text_07;254
wie;wie;text_07;255
Erdrutschen.;Erdrutschen;text_07;256
Das;Das;text_07;257
gesamte;gesamte;text_07;258
System;System;text_07;259
dürfte;dürfte;text_07;260
daher;daher;text_07;261
auch;auch;text_07;262
sehr;sehr;text_07;263
empfindlich;empfindlich;text_07;264
auf;auf;text_07;265
Naturkatastrophen;Naturkatastrophen;text_07;266
reagiert;reagiert;text_07;267
haben.;haben;text_07;268
Insbesondere;Insbesondere;text_07;269
im;im;text_07;270
Norden;Norden;text_07;271
der;der;text_07;272
Stadt;Stadt;text_07;273
fand;fand;text_07;274
man;man;text_07;275
Spuren;Spuren;text_07;276
von;von;text_07;277
hektischen;hektischen;text_07;278
Anpassungen;Anpassungen;text_07;279
und;und;text_07;280
Deichbrüchen.;Deichbrüchen;text_07;281
Genaueres;Genaueres;text_07;282
weiß;weiß;text_07;283
man;man;text_07;284
aber;aber;text_07;285
nicht.;nicht;text_07;286
Die;Die;text_07;287
neue;neue;text_07;288
Karte;Karte;text_07;289
der;der;text_07;290
Stadt;Stadt;text_07;291
verrät;verrät;text_07;292
aber;aber;text_07;293
zumindest,;zumindest;text_07;294
wo;wo;text_07;295
man;man;text_07;296
nach;nach;text_07;297
Antworten;Antworten;text_07;298
suchen;suchen;text_07;299
sollte.;sollte;text_07;300
Ein;Ein;text_08;1
solcher;solcher;text_08;2
Anblick;Anblick;text_08;3
lässt;lässt;text_08;4
selbst;selbst;text_08;5
Indiana;Indiana;text_08;6
Jones;Jones;text_08;7
Kinnlade;Kinnlade;text_08;8
herunterklappen:;herunterklappen;text_08;9
Nach;Nach;text_08;10
einem;einem;text_08;11
spektakulären;spektakulären;text_08;12
Ritt;Ritt;text_08;13
durch;durch;text_08;14
eine;eine;text_08;15
teils;teils;text_08;16
nur;nur;text_08;17
zwei;zwei;text_08;18
Meter;Meter;text_08;19
schmale;schmale;text_08;20
Schlucht;Schlucht;text_08;21
erhebt;erhebt;text_08;22
sich;sich;text_08;23
vor;vor;text_08;24
dem;dem;text_08;25
Filmhelden;Filmhelden;text_08;26
eine;eine;text_08;27
riesige;riesige;text_08;28
Fassade.;Fassade;text_08;29
Die;Die;text_08;30
Szene;Szene;text_08;31
aus;aus;text_08;32
dem;dem;text_08;33
Kinofilm;Kinofilm;text_08;34
machte;machte;text_08;35
die;die;text_08;36
antike;antike;text_08;37
Felsenstadt;Felsenstadt;text_08;38
Petra;Petra;text_08;39
endgültig;endgültig;text_08;40
weltberühmt.;weltberühmt;text_08;41
Die;Die;text_08;42
prachtvolle;prachtvolle;text_08;43
Fassade;Fassade;text_08;44
ist;ist;text_08;45
eine;eine;text_08;46
der;der;text_08;47
schönsten;schönsten;text_08;48
Bauten;Bauten;text_08;49
in;in;text_08;50
der;der;text_08;51
Felsenstadt;Felsenstadt;text_08;52
mitten;mitten;text_08;53
in;in;text_08;54
der;der;text_08;55
Wüste;Wüste;text_08;56
Jordaniens.;Jordaniens;text_08;57
Die;Die;text_08;58
Metropole;Metropole;text_08;59
war;war;text_08;60
einst;einst;text_08;61
die;die;text_08;62
Hauptstadt;Hauptstadt;text_08;63
der;der;text_08;64
Nabatäer.;Nabatäer;text_08;65
Zwei;Zwei;text_08;66
Jahrhunderte;Jahrhunderte;text_08;67
beherrschten;beherrschten;text_08;68
die;die;text_08;69
Nabatäer;Nabatäer;text_08;70
große;große;text_08;71
Teile;Teile;text_08;72
des;des;text_08;73
Handels;Handels;text_08;74
im;im;text_08;75
Nahen;Nahen;text_08;76
Osten.;Osten;text_08;77
So;So;text_08;78
reich;reich;text_08;79
und;und;text_08;80
mächtig;mächtig;text_08;81
wurde;wurde;text_08;82
das;das;text_08;83
Wüstenvolk,;Wüstenvolk;text_08;84
dass;dass;text_08;85
es;es;text_08;86
sogar;sogar;text_08;87
die;die;text_08;88
Römer;Römer;text_08;89
herausforderte.;herausforderte;text_08;90
Doch;Doch;text_08;91
wie;wie;text_08;92
ihre;ihre;text_08;93
riesige;riesige;text_08;94
Hauptstadt;Hauptstadt;text_08;95
mitten;mitten;text_08;96
in;in;text_08;97
der;der;text_08;98
Wüste;Wüste;text_08;99
funktioniert;funktioniert;text_08;100
hat,;hat;text_08;101
weiß;weiß;text_08;102
niemand;niemand;text_08;103
genau.;genau;text_08;104
Sicher;Sicher;text_08;105
ist,;ist;text_08;106
dass;dass;text_08;107
die;die;text_08;108
Stadt;Stadt;text_08;109
in;in;text_08;110
atemberaubend;atemberaubend;text_08;111
kurzer;kurzer;text_08;112
Zeit;Zeit;text_08;113
entstand.;entstand;text_08;114
Als;Als;text_08;115
die;die;text_08;116
Nabatäer;Nabatäer;text_08;117
ins;ins;text_08;118
heutige;heutige;text_08;119
Jordanien;Jordanien;text_08;120
vordrangen,;vordrangen;text_08;121
war;war;text_08;122
die;die;text_08;123
Region;Region;text_08;124
die;die;text_08;125
reinste;reinste;text_08;126
Goldgrube.;Goldgrube;text_08;127
Bei;Bei;text_08;128
Petra;Petra;text_08;129
kreuzten;kreuzten;text_08;130
sich;sich;text_08;131
mehrere;mehrere;text_08;132
Handelswege,;Handelswege;text_08;133
darunter;darunter;text_08;134
die;die;text_08;135
uralte;uralte;text_08;136
Weihrauchstraße.;Weihrauchstraße;text_08;137
Binnen;Binnen;text_08;138
weniger;weniger;text_08;139
Jahrzehnte;Jahrzehnte;text_08;140
entstanden;entstanden;text_08;141
hunderte;hunderte;text_08;142
Höhlen;Höhlen;text_08;143
mit;mit;text_08;144
prunkvollen;prunkvollen;text_08;145
Fassaden;Fassaden;text_08;146
und;und;text_08;147
teils;teils;text_08;148
gewaltigen;gewaltigen;text_08;149
Räumen.;Räumen;text_08;150
Von;Von;text_08;151
der;der;text_08;152
eigentlichen;eigentlichen;text_08;153
Stadt;Stadt;text_08;154
ist;ist;text_08;155
heute;heute;text_08;156
nichts;nichts;text_08;157
geblieben;geblieben;text_08;158
außer;außer;text_08;159
Steinhaufen;Steinhaufen;text_08;160
und;und;text_08;161
Mauerreste.;Mauerreste;text_08;162
Bis;Bis;text_08;163
in;in;text_08;164
die;die;text_08;165
siebziger;siebziger;text_08;166
Jahre;Jahre;text_08;167
glaubte;glaubte;text_08;168
man;man;text_08;169
daher,;daher;text_08;170
Petra;Petra;text_08;171
sei;sei;text_08;172
eine;eine;text_08;173
Stadt;Stadt;text_08;174
für;für;text_08;175
die;die;text_08;176
Toten;Toten;text_08;177
und;und;text_08;178
die;die;text_08;179
Götter;Götter;text_08;180
gewesen,;gewesen;text_08;181
und;und;text_08;182
die;die;text_08;183
Menschen;Menschen;text_08;184
hätten;hätten;text_08;185
woanders;woanders;text_08;186
gewohnt.;gewohnt;text_08;187
Aber;Aber;text_08;188
Petra;Petra;text_08;189
war;war;text_08;190
eine;eine;text_08;191
ganz;ganz;text_08;192
normale;normale;text_08;193
Stadt,;Stadt;text_08;194
nur;nur;text_08;195
an;an;text_08;196
einem;einem;text_08;197
unmöglichen;unmöglichen;text_08;198
Ort.;Ort;text_08;199
Die;Die;text_08;200
seltenen;seltenen;text_08;201
Regenfälle;Regenfälle;text_08;202
nutzten;nutzten;text_08;203
die;die;text_08;204
Nabatäer;Nabatäer;text_08;205
mit;mit;text_08;206
einem;einem;text_08;207
genialen;genialen;text_08;208
Bewässerungssystem.;Bewässerungssystem;text_08;209
Überall;Überall;text_08;210
in;in;text_08;211
der;der;text_08;212
Stadt;Stadt;text_08;213
waren;waren;text_08;214
Wasserbecken;Wasserbecken;text_08;215
in;in;text_08;216
den;den;text_08;217
Fels;Fels;text_08;218
geschlagen.;geschlagen;text_08;219
Viele;Viele;text_08;220
Kilometer;Kilometer;text_08;221
Wasserleitungen;Wasserleitungen;text_08;222
leiteten;leiteten;text_08;223
das;das;text_08;224
Wasser;Wasser;text_08;225
zuerst;zuerst;text_08;226
in;in;text_08;227
die;die;text_08;228
Speicher;Speicher;text_08;229
und;und;text_08;230
von;von;text_08;231
dort;dort;text_08;232
aus;aus;text_08;233
zu;zu;text_08;234
den;den;text_08;235
Bewohnern.;Bewohnern;text_08;236
Die;Die;text_08;237
vielen;vielen;text_08;238
Leitungen,;Leitungen;text_08;239
die;die;text_08;240
den;den;text_08;241
Regen;Regen;text_08;242
einst;einst;text_08;243
von;von;text_08;244
den;den;text_08;245
wertvollen;wertvollen;text_08;246
Fassaden;Fassaden;text_08;247
fernhielten,;fernhielten;text_08;248
wurden;wurden;text_08;249
von;von;text_08;250
den;den;text_08;251
Nabatäern;Nabatäern;text_08;252
dauernd;dauernd;text_08;253
instand;instand;text_08;254
gehalten.;gehalten;text_08;255
Doch;Doch;text_08;256
wenn;wenn;text_08;257
es;es;text_08;258
jetzt;jetzt;text_08;259
regnet,;regnet;text_08;260
strömt;strömt;text_08;261
das;das;text_08;262
Wasser;Wasser;text_08;263
unkontrolliert;unkontrolliert;text_08;264
die;die;text_08;265
Fassaden;Fassaden;text_08;266
herab.;herab;text_08;267
Für;Für;text_08;268
den;den;text_08;269
Sandstein;Sandstein;text_08;270
ist;ist;text_08;271
das;das;text_08;272
eine;eine;text_08;273
Katastrophe.;Katastrophe;text_08;274
Versuche;Versuche;text_08;275
zur;zur;text_08;276
Rettung;Rettung;text_08;277
der;der;text_08;278
Fassaden;Fassaden;text_08;279
gab;gab;text_08;280
es,;es;text_08;281
doch;doch;text_08;282
wirklich;wirklich;text_08;283
erfolgreich;erfolgreich;text_08;284
war;war;text_08;285
bislang;bislang;text_08;286
leider;leider;text_08;287
keiner.;keiner;text_08;288
Die;Die;text_08;289
antike;antike;text_08;290
Felsenstadt;Felsenstadt;text_08;291
wird;wird;text_08;292
daher;daher;text_08;293
wohl;wohl;text_08;294
eines;eines;text_08;295
Tages;Tages;text_08;296
wieder;wieder;text_08;297
zu;zu;text_08;298
Sand;Sand;text_08;299
zerfallen.;zerfallen;text_08;300
William;William;text_09;1
Shakespeare;Shakespeare;text_09;2
war;war;text_09;3
etwa;etwa;text_09;4
fünf;fünf;text_09;5
Jahre;Jahre;text_09;6
alt,;alt;text_09;7
als;als;text_09;8
gar;gar;text_09;9
nicht;nicht;text_09;10
weit;weit;text_09;11
entfernt;entfernt;text_09;12
von;von;text_09;13
seinem;seinem;text_09;14
Heimatdorf;Heimatdorf;text_09;15
die;die;text_09;16
nur;nur;text_09;17
zweijährige;zweijährige;text_09;18
Jane;Jane;text_09;19
Shaxspere;Shaxspere;text_09;20
ums;ums;text_09;21
Leben;Leben;text_09;22
kam.;kam;text_09;23
Das;Das;text_09;24
kleine;kleine;text_09;25
Mädchen;Mädchen;text_09;26
wollte;wollte;text_09;27
Ringelblumen;Ringelblumen;text_09;28
pflücken,;pflücken;text_09;29
die;die;text_09;30
am;am;text_09;31
Ufer;Ufer;text_09;32
eines;eines;text_09;33
Mühlteichs;Mühlteichs;text_09;34
wuchsen.;wuchsen;text_09;35
Beim;Beim;text_09;36
Blumenpflücken;Blumenpflücken;text_09;37
rutschte;rutschte;text_09;38
Jane;Jane;text_09;39
aus,;aus;text_09;40
fiel;fiel;text_09;41
ins;ins;text_09;42
Wasser;Wasser;text_09;43
und;und;text_09;44
ertrank.;ertrank;text_09;45
William;William;text_09;46
Shakespeare,;Shakespeare;text_09;47
der;der;text_09;48
etwa;etwa;text_09;49
20;20;text_09;50
Kilometer;Kilometer;text_09;51
entfernt;entfernt;text_09;52
im;im;text_09;53
Dorf;Dorf;text_09;54
Stratford-upon-Avon;Stratford-upon-Avon;text_09;55
aufwuchs,;aufwuchs;text_09;56
sollte;sollte;text_09;57
später;später;text_09;58
zum;zum;text_09;59
größten;größten;text_09;60
Dramatiker;Dramatiker;text_09;61
aller;aller;text_09;62
Zeiten;Zeiten;text_09;63
heranwachsen.;heranwachsen;text_09;64
Forscher;Forscher;text_09;65
der;der;text_09;66
Universität;Universität;text_09;67
von;von;text_09;68
Oxford;Oxford;text_09;69
vermuten;vermuten;text_09;70
nun;nun;text_09;71
einen;einen;text_09;72
Zusammenhang;Zusammenhang;text_09;73
dieses;dieses;text_09;74
Unfalls;Unfalls;text_09;75
mit;mit;text_09;76
Shakespeares;Shakespeares;text_09;77
Stück;Stück;text_09;78
\“Hamlet\“.;Hamlet;text_09;79
Eine;Eine;text_09;80
Nebenhandlung;Nebenhandlung;text_09;81
des;des;text_09;82
Stücks;Stücks;text_09;83
erzählt;erzählt;text_09;84
die;die;text_09;85
Geschichte;Geschichte;text_09;86
der;der;text_09;87
fiktiven;fiktiven;text_09;88
Edeldame;Edeldame;text_09;89
Ophelia,;Ophelia;text_09;90
der;der;text_09;91
Tochter;Tochter;text_09;92
eines;eines;text_09;93
Kämmerers.;Kämmerers;text_09;94
Ophelia;Ophelia;text_09;95
wächst;wächst;text_09;96
am;am;text_09;97
dänischen;dänischen;text_09;98
Königshof;Königshof;text_09;99
auf,;auf;text_09;100
wo;wo;text_09;101
sie;sie;text_09;102
die;die;text_09;103
Geliebte;Geliebte;text_09;104
des;des;text_09;105
Prinzen;Prinzen;text_09;106
Hamlet;Hamlet;text_09;107
wird.;wird;text_09;108
Ihre;Ihre;text_09;109
Beziehung;Beziehung;text_09;110
wird;wird;text_09;111
von;von;text_09;112
ihrem;ihrem;text_09;113
Vater;Vater;text_09;114
und;und;text_09;115
ihrem;ihrem;text_09;116
Bruder;Bruder;text_09;117
jedoch;jedoch;text_09;118
missbilligt.;missbilligt;text_09;119
Sie;Sie;text_09;120
bezweifeln,;bezweifeln;text_09;121
dass;dass;text_09;122
Hamlet;Hamlet;text_09;123
die;die;text_09;124
ehrliche;ehrliche;text_09;125
Absicht;Absicht;text_09;126
hat,;hat;text_09;127
Ophelia;Ophelia;text_09;128
zu;zu;text_09;129
heiraten.;heiraten;text_09;130
Als;Als;text_09;131
Hamlet;Hamlet;text_09;132
aus;aus;text_09;133
Versehen;Versehen;text_09;134
Ophelias;Ophelias;text_09;135
Vater;Vater;text_09;136
tötet,;tötet;text_09;137
verzweifelt;verzweifelt;text_09;138
sie;sie;text_09;139
und;und;text_09;140
erleidet;erleidet;text_09;141
ein;ein;text_09;142
ähnliches;ähnliches;text_09;143
Schicksal;Schicksal;text_09;144
wie;wie;text_09;145
die;die;text_09;146
kleine;kleine;text_09;147
Jane.;Jane;text_09;148
Beim;Beim;text_09;149
Blumenpflücken;Blumenpflücken;text_09;150
an;an;text_09;151
einem;einem;text_09;152
Bachufer;Bachufer;text_09;153
verliert;verliert;text_09;154
sie;sie;text_09;155
das;das;text_09;156
Gleichgewicht;Gleichgewicht;text_09;157
und;und;text_09;158
fällt;fällt;text_09;159
in;in;text_09;160
den;den;text_09;161
Bach.;Bach;text_09;162
Ihr;Ihr;text_09;163
Kleid;Kleid;text_09;164
saugt;saugt;text_09;165
sich;sich;text_09;166
mit;mit;text_09;167
Wasser;Wasser;text_09;168
voll;voll;text_09;169
und;und;text_09;170
zieht;zieht;text_09;171
sie;sie;text_09;172
wie;wie;text_09;173
ein;ein;text_09;174
Gewicht;Gewicht;text_09;175
nach;nach;text_09;176
unten.;unten;text_09;177
Ob;Ob;text_09;178
ihr;ihr;text_09;179
Tod;Tod;text_09;180
ein;ein;text_09;181
Unfall;Unfall;text_09;182
ist;ist;text_09;183
oder;oder;text_09;184
sie;sie;text_09;185
sich;sich;text_09;186
mit;mit;text_09;187
Absicht;Absicht;text_09;188
nicht;nicht;text_09;189
aus;aus;text_09;190
dem;dem;text_09;191
Wasser;Wasser;text_09;192
rettet,;rettet;text_09;193
wird;wird;text_09;194
im;im;text_09;195
Stück;Stück;text_09;196
offengelassen.;offengelassen;text_09;197
Die;Die;text_09;198
erstaunliche;erstaunliche;text_09;199
Verbindung;Verbindung;text_09;200
zwischen;zwischen;text_09;201
realen;realen;text_09;202
Ereignissen;Ereignissen;text_09;203
und;und;text_09;204
Shakespeares;Shakespeares;text_09;205
\“Hamlet\“;Hamlet;text_09;206
fiel;fiel;text_09;207
Historikern;Historikern;text_09;208
auf,;auf;text_09;209
als;als;text_09;210
sie;sie;text_09;211
alte;alte;text_09;212
medizinische;medizinische;text_09;213
Akten;Akten;text_09;214
untersuchten.;untersuchten;text_09;215
Die;Die;text_09;216
Ähnlichkeit;Ähnlichkeit;text_09;217
der;der;text_09;218
Nachnamen;Nachnamen;text_09;219
könnte;könnte;text_09;220
sogar;sogar;text_09;221
darauf;darauf;text_09;222
hinweisen,;hinweisen;text_09;223
dass;dass;text_09;224
William;William;text_09;225
und;und;text_09;226
Jane;Jane;text_09;227
Verwandte;Verwandte;text_09;228
gewesen;gewesen;text_09;229
sein;sein;text_09;230
könnten.;könnten;text_09;231
Feste;Feste;text_09;232
Schreibweisen;Schreibweisen;text_09;233
von;von;text_09;234
Namen;Namen;text_09;235
gab;gab;text_09;236
es;es;text_09;237
zu;zu;text_09;238
Shakespeares;Shakespeares;text_09;239
Zeiten;Zeiten;text_09;240
nicht.;nicht;text_09;241
Für;Für;text_09;242
eine;eine;text_09;243
der;der;text_09;244
Forscherinnen;Forscherinnen;text_09;245
aus;aus;text_09;246
Oxford;Oxford;text_09;247
ist;ist;text_09;248
dieses;dieses;text_09;249
Detail;Detail;text_09;250
aber;aber;text_09;251
nicht;nicht;text_09;252
entscheidend:;entscheidend;text_09;253
\“Selbst;Selbst;text_09;254
wenn;wenn;text_09;255
sie;sie;text_09;256
nicht;nicht;text_09;257
verwandt;verwandt;text_09;258
gewesen;gewesen;text_09;259
sind,;sind;text_09;260
hat;hat;text_09;261
sich;sich;text_09;262
die;die;text_09;263
Geschichte;Geschichte;text_09;264
durch;durch;text_09;265
die;die;text_09;266
Ähnlichkeit;Ähnlichkeit;text_09;267
der;der;text_09;268
Namen;Namen;text_09;269
vielleicht;vielleicht;text_09;270
in;in;text_09;271
Shakespeares;Shakespeares;text_09;272
Kopf;Kopf;text_09;273
verankert.\“;verankert;text_09;274
Neben;Neben;text_09;275
historischen;historischen;text_09;276
Grundlagen;Grundlagen;text_09;277
seien;seien;text_09;278
Shakespeares;Shakespeares;text_09;279
Stücke;Stücke;text_09;280
auch;auch;text_09;281
von;von;text_09;282
Klatsch;Klatsch;text_09;283
und;und;text_09;284
Tratsch-Geschichten;Tratsch-Geschichten;text_09;285
beeinflusst;beeinflusst;text_09;286
worden.;worden;text_09;287
Dazu;Dazu;text_09;288
könnte;könnte;text_09;289
auch;auch;text_09;290
die;die;text_09;291
Geschichte;Geschichte;text_09;292
über;über;text_09;293
den;den;text_09;294
Tod;Tod;text_09;295
von;von;text_09;296
Jane;Jane;text_09;297
Shaxspere;Shaxspere;text_09;298
gezählt;gezählt;text_09;299
haben.;haben;text_09;300
Von;Von;text_10;1
außen;außen;text_10;2
ist;ist;text_10;3
nichts;nichts;text_10;4
zu;zu;text_10;5
sehen.;sehen;text_10;6
Nur;Nur;text_10;7
eine;eine;text_10;8
weiße;weiße;text_10;9
Wand;Wand;text_10;10
und;und;text_10;11
eine;eine;text_10;12
grüne;grüne;text_10;13
Tür;Tür;text_10;14
aus;aus;text_10;15
Eisen.;Eisen;text_10;16
Adnan;Adnan;text_10;17
sperrt;sperrt;text_10;18
die;die;text_10;19
Tür;Tür;text_10;20
auf:;auf;text_10;21
„Geht;Geht;text_10;22
einfach;einfach;text_10;23
die;die;text_10;24
Treppe;Treppe;text_10;25
runter,;runter;text_10;26
dann;dann;text_10;27
seid;seid;text_10;28
ihr;ihr;text_10;29
im;im;text_10;30
Probenraum“,;Probenraum;text_10;31
sagt;sagt;text_10;32
er.;er;text_10;33
Er;Er;text_10;34
schließt;schließt;text_10;35
die;die;text_10;36
Tür;Tür;text_10;37
sorgfältig;sorgfältig;text_10;38
hinter;hinter;text_10;39
sich;sich;text_10;40
ab:;ab;text_10;41
„Vor;Vor;text_10;42
einiger;einiger;text_10;43
Zeit;Zeit;text_10;44
war;war;text_10;45
jemand;jemand;text_10;46
vom;vom;text_10;47
Geheimdienst;Geheimdienst;text_10;48
hier.;hier;text_10;49
Seitdem;Seitdem;text_10;50
sind;sind;text_10;51
wir;wir;text_10;52
vorsichtiger;vorsichtiger;text_10;53
geworden.“;geworden;text_10;54
Für;Für;text_10;55
einen;einen;text_10;56
kurzen;kurzen;text_10;57
Moment;Moment;text_10;58
ist;ist;text_10;59
man;man;text_10;60
sich;sich;text_10;61
nicht;nicht;text_10;62
sicher,;sicher;text_10;63
ob;ob;text_10;64
es;es;text_10;65
als;als;text_10;66
Witz;Witz;text_10;67
gemeint;gemeint;text_10;68
ist.;ist;text_10;69
„Wir;Wir;text_10;70
spielen;spielen;text_10;71
Heavy;Heavy;text_10;72
Metal“,;Metal;text_10;73
sagt;sagt;text_10;74
Adnan.;Adnan;text_10;75
„Das;Das;text_10;76
kann;kann;text_10;77
in;in;text_10;78
unserem;unserem;text_10;79
Land;Land;text_10;80
einen;einen;text_10;81
Haufen;Haufen;text_10;82
Ärger;Ärger;text_10;83
bedeuten.“;bedeuten;text_10;84
Denn;Denn;text_10;85
wer;wer;text_10;86
in;in;text_10;87
Jordanien;Jordanien;text_10;88
laut;laut;text_10;89
Heavy;Heavy;text_10;90
Metal;Metal;text_10;91
hört,;hört;text_10;92
kann;kann;text_10;93
dafür;dafür;text_10;94
sogar;sogar;text_10;95
im;im;text_10;96
Gefängnis;Gefängnis;text_10;97
landen.;landen;text_10;98
Heavy;Heavy;text_10;99
Metal;Metal;text_10;100
gibt;gibt;text_10;101
es;es;text_10;102
in;in;text_10;103
arabischen;arabischen;text_10;104
Ländern;Ländern;text_10;105
noch;noch;text_10;106
nicht;nicht;text_10;107
sehr;sehr;text_10;108
lange:;lange;text_10;109
Die;Die;text_10;110
ersten;ersten;text_10;111
Konzerte;Konzerte;text_10;112
fanden;fanden;text_10;113
in;in;text_10;114
den;den;text_10;115
neunziger;neunziger;text_10;116
Jahren;Jahren;text_10;117
statt,;statt;text_10;118
begleitet;begleitet;text_10;119
von;von;text_10;120
Ärger;Ärger;text_10;121
mit;mit;text_10;122
der;der;text_10;123
Polizei.;Polizei;text_10;124
Bei;Bei;text_10;125
einer;einer;text_10;126
Razzia;Razzia;text_10;127
in;in;text_10;128
Ägypten;Ägypten;text_10;129
wurden;wurden;text_10;130
damals;damals;text_10;131
rund;rund;text_10;132
70;70;text_10;133
Jugendliche;Jugendliche;text_10;134
verhaftet.;verhaftet;text_10;135
Die;Die;text_10;136
Polizei;Polizei;text_10;137
nahm;nahm;text_10;138
alles;alles;text_10;139
mit,;mit;text_10;140
was;was;text_10;141
ihnen;ihnen;text_10;142
verdächtig;verdächtig;text_10;143
vorkam:;vorkam;text_10;144
Poster,;Poster;text_10;145
CDs,;CDs;text_10;146
sogar;sogar;text_10;147
ein;ein;text_10;148
schwarzes;schwarzes;text_10;149
T-Shirt;T-Shirt;text_10;150
mit;mit;text_10;151
Bugs-Bunny-Aufdruck.;Bugs-Bunny-Aufdruck;text_10;152
In;In;text_10;153
Jordanien;Jordanien;text_10;154
gab;gab;text_10;155
es;es;text_10;156
schon;schon;text_10;157
länger;länger;text_10;158
keine;keine;text_10;159
Festnahmen;Festnahmen;text_10;160
mehr.;mehr;text_10;161
„Aber;Aber;text_10;162
das;das;text_10;163
liegt;liegt;text_10;164
einfach;einfach;text_10;165
daran,;daran;text_10;166
dass;dass;text_10;167
sie;sie;text_10;168
unsere;unsere;text_10;169
Konzerte;Konzerte;text_10;170
gleich;gleich;text_10;171
verbieten“,;verbieten;text_10;172
sagt;sagt;text_10;173
Adnan.;Adnan;text_10;174
„Konzerte;Konzerte;text_10;175
sind;sind;text_10;176
im;im;text_10;177
Moment;Moment;text_10;178
nur;nur;text_10;179
im;im;text_10;180
Geheimen;Geheimen;text_10;181
möglich.“;möglich;text_10;182
Doch;Doch;text_10;183
trotz;trotz;text_10;184
aller;aller;text_10;185
Probleme;Probleme;text_10;186
mit;mit;text_10;187
Geheimdienst;Geheimdienst;text_10;188
und;und;text_10;189
Polizei;Polizei;text_10;190
wächst;wächst;text_10;191
die;die;text_10;192
Metal-Szene;Metal-Szene;text_10;193
in;in;text_10;194
Jordanien.;Jordanien;text_10;195
Was;Was;text_10;196
verboten;verboten;text_10;197
ist,;ist;text_10;198
gewinnt;gewinnt;text_10;199
an;an;text_10;200
Reiz.;Reiz;text_10;201
Allerdings;Allerdings;text_10;202
wächst;wächst;text_10;203
mit;mit;text_10;204
der;der;text_10;205
Metal-Szene;Metal-Szene;text_10;206
auch;auch;text_10;207
das;das;text_10;208
Misstrauen;Misstrauen;text_10;209
der;der;text_10;210
Behörden.;Behörden;text_10;211
Wer;Wer;text_10;212
sich;sich;text_10;213
dort;dort;text_10;214
nach;nach;text_10;215
den;den;text_10;216
Heavy-Metal-Fans;Heavy-Metal-Fans;text_10;217
erkundigt,;erkundigt;text_10;218
bekommt;bekommt;text_10;219
keine;keine;text_10;220
Antworten.;Antworten;text_10;221
Genauso;Genauso;text_10;222
sieht;sieht;text_10;223
es;es;text_10;224
auch;auch;text_10;225
bei;bei;text_10;226
der;der;text_10;227
Polizei;Polizei;text_10;228
aus:;aus;text_10;229
Keiner;Keiner;text_10;230
möchte;möchte;text_10;231
zuständig;zuständig;text_10;232
sein.;sein;text_10;233
„Wir;Wir;text_10;234
haben;haben;text_10;235
zwar;zwar;text_10;236
nichts;nichts;text_10;237
gegen;gegen;text_10;238
die;die;text_10;239
Musik,;Musik;text_10;240
aber;aber;text_10;241
Satanismus;Satanismus;text_10;242
ist;ist;text_10;243
verboten“,;verboten;text_10;244
sagt;sagt;text_10;245
schließlich;schließlich;text_10;246
einer;einer;text_10;247
der;der;text_10;248
Polizisten.;Polizisten;text_10;249
Der;Der;text_10;250
Frage,;Frage;text_10;251
was;was;text_10;252
Heavy;Heavy;text_10;253
Metal;Metal;text_10;254
und;und;text_10;255
Satanismus;Satanismus;text_10;256
miteinander;miteinander;text_10;257
zu;zu;text_10;258
tun;tun;text_10;259
haben,;haben;text_10;260
weicht;weicht;text_10;261
er;er;text_10;262
aus.;aus;text_10;263
Adnan;Adnan;text_10;264
hat;hat;text_10;265
vor;vor;text_10;266
einiger;einiger;text_10;267
Zeit;Zeit;text_10;268
versucht,;versucht;text_10;269
die;die;text_10;270
Polizei;Polizei;text_10;271
zu;zu;text_10;272
einem;einem;text_10;273
Konzert;Konzert;text_10;274
einzuladen.;einzuladen;text_10;275
Er;Er;text_10;276
dachte,;dachte;text_10;277
wenn;wenn;text_10;278
die;die;text_10;279
Polizisten;Polizisten;text_10;280
mehr;mehr;text_10;281
über;über;text_10;282
sie;sie;text_10;283
wüssten,;wüssten;text_10;284
hätten;hätten;text_10;285
sie;sie;text_10;286
auch;auch;text_10;287
keine;keine;text_10;288
Probleme;Probleme;text_10;289
mehr;mehr;text_10;290
mit;mit;text_10;291
ihnen.;ihnen;text_10;292
Aber;Aber;text_10;293
auf;auf;text_10;294
seinen;seinen;text_10;295
Brief;Brief;text_10;296
bekam;bekam;text_10;297
er;er;text_10;298
keine;keine;text_10;299
Antwort.;Antwort;text_10;300