word_no_punct	text_nr	trial_nr
Von	text_10	1
außen	text_10	2
ist	text_10	3
nichts	text_10	4
zu	text_10	5
sehen	text_10	6
Nur	text_10	7
eine	text_10	8
weiße	text_10	9
Wand	text_10	10
und	text_10	11
eine	text_10	12
grüne	text_10	13
Tür	text_10	14
aus	text_10	15
Eisen	text_10	16
Adnan	text_10	17
sperrt	text_10	18
die	text_10	19
Tür	text_10	20
auf	text_10	21
Geht	text_10	22
einfach	text_10	23
die	text_10	24
Treppe	text_10	25
runter	text_10	26
dann	text_10	27
seid	text_10	28
ihr	text_10	29
im	text_10	30
Probenraum	text_10	31
sagt	text_10	32
er	text_10	33
Er	text_10	34
schließt	text_10	35
die	text_10	36
Tür	text_10	37
sorgfältig	text_10	38
hinter	text_10	39
sich	text_10	40
ab	text_10	41
Vor	text_10	42
einiger	text_10	43
Zeit	text_10	44
war	text_10	45
jemand	text_10	46
vom	text_10	47
Geheimdienst	text_10	48
hier	text_10	49
Seitdem	text_10	50
sind	text_10	51
wir	text_10	52
vorsichtiger	text_10	53
geworden	text_10	54
Für	text_10	55
einen	text_10	56
kurzen	text_10	57
Moment	text_10	58
ist	text_10	59
man	text_10	60
sich	text_10	61
nicht	text_10	62
sicher	text_10	63
ob	text_10	64
es	text_10	65
als	text_10	66
Witz	text_10	67
gemeint	text_10	68
ist	text_10	69
Wir	text_10	70
spielen	text_10	71
Heavy	text_10	72
Metal	text_10	73
sagt	text_10	74
Adnan	text_10	75
Das	text_10	76
kann	text_10	77
in	text_10	78
unserem	text_10	79
Land	text_10	80
einen	text_10	81
Haufen	text_10	82
Ärger	text_10	83
bedeuten	text_10	84
Denn	text_10	85
wer	text_10	86
in	text_10	87
Jordanien	text_10	88
laut	text_10	89
Heavy	text_10	90
Metal	text_10	91
hört	text_10	92
kann	text_10	93
dafür	text_10	94
sogar	text_10	95
im	text_10	96
Gefängnis	text_10	97
landen	text_10	98
Heavy	text_10	99
Metal	text_10	100
gibt	text_10	101
es	text_10	102
in	text_10	103
arabischen	text_10	104
Ländern	text_10	105
noch	text_10	106
nicht	text_10	107
sehr	text_10	108
lange	text_10	109
Die	text_10	110
ersten	text_10	111
Konzerte	text_10	112
fanden	text_10	113
in	text_10	114
den	text_10	115
neunziger	text_10	116
Jahren	text_10	117
statt	text_10	118
begleitet	text_10	119
von	text_10	120
Ärger	text_10	121
mit	text_10	122
der	text_10	123
Polizei	text_10	124
Bei	text_10	125
einer	text_10	126
Razzia	text_10	127
in	text_10	128
Ägypten	text_10	129
wurden	text_10	130
damals	text_10	131
rund	text_10	132
70	text_10	133
Jugendliche	text_10	134
verhaftet	text_10	135
Die	text_10	136
Polizei	text_10	137
nahm	text_10	138
alles	text_10	139
mit	text_10	140
was	text_10	141
ihnen	text_10	142
verdächtig	text_10	143
vorkam	text_10	144
Poster	text_10	145
CDs	text_10	146
sogar	text_10	147
ein	text_10	148
schwarzes	text_10	149
T-Shirt	text_10	150
mit	text_10	151
Bugs-Bunny-Aufdruck	text_10	152
In	text_10	153
Jordanien	text_10	154
gab	text_10	155
es	text_10	156
schon	text_10	157
länger	text_10	158
keine	text_10	159
Festnahmen	text_10	160
mehr	text_10	161
Aber	text_10	162
das	text_10	163
liegt	text_10	164
einfach	text_10	165
daran	text_10	166
dass	text_10	167
sie	text_10	168
unsere	text_10	169
Konzerte	text_10	170
gleich	text_10	171
verbieten	text_10	172
sagt	text_10	173
Adnan	text_10	174
Konzerte	text_10	175
sind	text_10	176
im	text_10	177
Moment	text_10	178
nur	text_10	179
im	text_10	180
Geheimen	text_10	181
möglich	text_10	182
Doch	text_10	183
trotz	text_10	184
aller	text_10	185
Probleme	text_10	186
mit	text_10	187
Geheimdienst	text_10	188
und	text_10	189
Polizei	text_10	190
wächst	text_10	191
die	text_10	192
Metal-Szene	text_10	193
in	text_10	194
Jordanien	text_10	195
Was	text_10	196
verboten	text_10	197
ist	text_10	198
gewinnt	text_10	199
an	text_10	200
Reiz	text_10	201
Allerdings	text_10	202
wächst	text_10	203
mit	text_10	204
der	text_10	205
Metal-Szene	text_10	206
auch	text_10	207
das	text_10	208
Misstrauen	text_10	209
der	text_10	210
Behörden	text_10	211
Wer	text_10	212
sich	text_10	213
dort	text_10	214
nach	text_10	215
den	text_10	216
Heavy-Metal-Fans	text_10	217
erkundigt	text_10	218
bekommt	text_10	219
keine	text_10	220
Antworten	text_10	221
Genauso	text_10	222
sieht	text_10	223
es	text_10	224
auch	text_10	225
bei	text_10	226
der	text_10	227
Polizei	text_10	228
aus	text_10	229
Keiner	text_10	230
möchte	text_10	231
zuständig	text_10	232
sein	text_10	233
Wir	text_10	234
haben	text_10	235
zwar	text_10	236
nichts	text_10	237
gegen	text_10	238
die	text_10	239
Musik	text_10	240
aber	text_10	241
Satanismus	text_10	242
ist	text_10	243
verboten	text_10	244
sagt	text_10	245
schließlich	text_10	246
einer	text_10	247
der	text_10	248
Polizisten	text_10	249
Der	text_10	250
Frage	text_10	251
was	text_10	252
Heavy	text_10	253
Metal	text_10	254
und	text_10	255
Satanismus	text_10	256
miteinander	text_10	257
zu	text_10	258
tun	text_10	259
haben	text_10	260
weicht	text_10	261
er	text_10	262
aus	text_10	263
Adnan	text_10	264
hat	text_10	265
vor	text_10	266
einiger	text_10	267
Zeit	text_10	268
versucht	text_10	269
die	text_10	270
Polizei	text_10	271
zu	text_10	272
einem	text_10	273
Konzert	text_10	274
einzuladen	text_10	275
Er	text_10	276
dachte	text_10	277
wenn	text_10	278
die	text_10	279
Polizisten	text_10	280
mehr	text_10	281
über	text_10	282
sie	text_10	283
wüssten	text_10	284
hätten	text_10	285
sie	text_10	286
auch	text_10	287
keine	text_10	288
Probleme	text_10	289
mehr	text_10	290
mit	text_10	291
ihnen	text_10	292
Aber	text_10	293
auf	text_10	294
seinen	text_10	295
Brief	text_10	296
bekam	text_10	297
er	text_10	298
keine	text_10	299
Antwort	text_10	300
Eine	text_11	1
berühmte	text_11	2
Schriftstellerin	text_11	3
zu	text_11	4
sein	text_11	5
muss	text_11	6
nicht	text_11	7
unbedingt	text_11	8
mit	text_11	9
guten	text_11	10
Grammatik-Kenntnissen	text_11	11
einhergehen	text_11	12
Jane	text_11	13
Austen	text_11	14
ist	text_11	15
eine	text_11	16
der	text_11	17
bekanntesten	text_11	18
Schriftstellerinnen	text_11	19
der	text_11	20
englischen	text_11	21
Literatur	text_11	22
Sie	text_11	23
verbrachte	text_11	24
die	text_11	25
meiste	text_11	26
Zeit	text_11	27
ihres	text_11	28
Lebens	text_11	29
im	text_11	30
Süden	text_11	31
Englands	text_11	32
Austen	text_11	33
veröffentlichte	text_11	34
von	text_11	35
1811	text_11	36
an	text_11	37
ihre	text_11	38
berühmten	text_11	39
Romane	text_11	40
darunter	text_11	41
Verstand	text_11	42
und	text_11	43
Gefühl	text_11	44
Stolz	text_11	45
und	text_11	46
Vorurteil	text_11	47
Mansfield	text_11	48
Park	text_11	49
und	text_11	50
Emma	text_11	51
Sie	text_11	52
ist	text_11	53
für	text_11	54
ihren	text_11	55
unvergleichlich	text_11	56
perfekten	text_11	57
Schreibstil	text_11	58
bekannt	text_11	59
Jane	text_11	60
Austen	text_11	61
soll	text_11	62
Sätze	text_11	63
perfekt	text_11	64
formuliert	text_11	65
auf	text_11	66
Papier	text_11	67
gebracht	text_11	68
haben	text_11	69
Von	text_11	70
Austens	text_11	71
Bruder	text_11	72
Henry	text_11	73
stammt	text_11	74
das	text_11	75
berühmte	text_11	76
Zitat	text_11	77
dass	text_11	78
alles	text_11	79
was	text_11	80
aus	text_11	81
der	text_11	82
Feder	text_11	83
seiner	text_11	84
Schwester	text_11	85
geflossen	text_11	86
sei	text_11	87
vollendet	text_11	88
war	text_11	89
Das	text_11	90
scheint	text_11	91
jedoch	text_11	92
so	text_11	93
nicht	text_11	94
ganz	text_11	95
wahr	text_11	96
zu	text_11	97
sein	text_11	98
Neuesten	text_11	99
Erkenntnissen	text_11	100
zufolge	text_11	101
war	text_11	102
sie	text_11	103
beim	text_11	104
Schreiben	text_11	105
scheinbar	text_11	106
trotzdem	text_11	107
sehr	text_11	108
auf	text_11	109
die	text_11	110
Hilfe	text_11	111
eines	text_11	112
Lektors	text_11	113
angewiesen	text_11	114
Kathryn	text_11	115
Sutherland	text_11	116
ist	text_11	117
eine	text_11	118
bekannte	text_11	119
Forscherin	text_11	120
an	text_11	121
der	text_11	122
Universität	text_11	123
Oxford	text_11	124
Sie	text_11	125
analysierte	text_11	126
über	text_11	127
tausend	text_11	128
Seiten	text_11	129
von	text_11	130
unveröffentlichten	text_11	131
Originaltexten	text_11	132
die	text_11	133
Jane	text_11	134
Austen	text_11	135
handschriftlich	text_11	136
verfasst	text_11	137
hat	text_11	138
Beim	text_11	139
Lesen	text_11	140
ihrer	text_11	141
Originaltexte	text_11	142
wird	text_11	143
schnell	text_11	144
deutlich	text_11	145
dass	text_11	146
ihr	text_11	147
Schreibstil	text_11	148
und	text_11	149
ihre	text_11	150
Grammatik	text_11	151
nicht	text_11	152
ganz	text_11	153
fehlerfrei	text_11	154
waren	text_11	155
Jane	text_11	156
Austen	text_11	157
genießt	text_11	158
den	text_11	159
Ruf	text_11	160
stilsicher	text_11	161
zu	text_11	162
sein	text_11	163
wie	text_11	164
kaum	text_11	165
eine	text_11	166
andere	text_11	167
Schriftstellerin	text_11	168
Der	text_11	169
Ruf	text_11	170
als	text_11	171
Perfektionistin	text_11	172
wird	text_11	173
aber	text_11	174
schon	text_11	175
durch	text_11	176
das	text_11	177
Aussehen	text_11	178
der	text_11	179
Texte	text_11	180
widerlegt	text_11	181
Die	text_11	182
Texte	text_11	183
sind	text_11	184
voller	text_11	185
Tintenkleckse	text_11	186
durchgestrichene	text_11	187
Sätze	text_11	188
und	text_11	189
Unordnung	text_11	190
Anhand	text_11	191
von	text_11	192
Manuskripten	text_11	193
sieht	text_11	194
man	text_11	195
genau	text_11	196
wie	text_11	197
ein	text_11	198
Buch	text_11	199
entsteht	text_11	200
In	text_11	201
Jane	text_11	202
Austens	text_11	203
Fall	text_11	204
entdeckt	text_11	205
man	text_11	206
beim	text_11	207
Lesen	text_11	208
schnell	text_11	209
einen	text_11	210
von	text_11	211
der	text_11	212
Grammatik	text_11	213
abweichenden	text_11	214
Schreibstil	text_11	215
Sie	text_11	216
brach	text_11	217
mit	text_11	218
den	text_11	219
meisten	text_11	220
Regeln	text_11	221
für	text_11	222
gutes	text_11	223
Schrift-Englisch	text_11	224
Insbesondere	text_11	225
den	text_11	226
hochgelobten	text_11	227
Stil	text_11	228
in	text_11	229
ihren	text_11	230
berühmten	text_11	231
Romanen	text_11	232
Emma	text_11	233
und	text_11	234
Anne	text_11	235
Elliot	text_11	236
scheint	text_11	237
es	text_11	238
in	text_11	239
ihren	text_11	240
Manuskripten	text_11	241
nicht	text_11	242
zu	text_11	243
geben	text_11	244
Das	text_11	245
deutet	text_11	246
darauf	text_11	247
hin	text_11	248
dass	text_11	249
noch	text_11	250
jemand	text_11	251
anderes	text_11	252
am	text_11	253
Schreibprozess	text_11	254
beteiligt	text_11	255
war	text_11	256
Die	text_11	257
Forscherin	text_11	258
Kathryn	text_11	259
Sutherland	text_11	260
ist	text_11	261
davon	text_11	262
überzeugt	text_11	263
dass	text_11	264
Austens	text_11	265
Manuskripte	text_11	266
vor	text_11	267
dem	text_11	268
Druck	text_11	269
von	text_11	270
einer	text_11	271
anderen	text_11	272
Person	text_11	273
überarbeitet	text_11	274
wurden	text_11	275
Vermutlich	text_11	276
handelte	text_11	277
es	text_11	278
sich	text_11	279
dabei	text_11	280
um	text_11	281
William	text_11	282
Gifford	text_11	283
den	text_11	284
Entdecker	text_11	285
und	text_11	286
Lektor	text_11	287
von	text_11	288
Jane	text_11	289
Austen	text_11	290
Das	text_11	291
geht	text_11	292
aus	text_11	293
Briefen	text_11	294
zwischen	text_11	295
Austen	text_11	296
und	text_11	297
ihrem	text_11	298
Verleger	text_11	299
hervor	text_11	300
Unfälle	text_12	1
sind	text_12	2
die	text_12	3
Spezialität	text_12	4
des	text_12	5
Regisseurs	text_12	6
Alejandro	text_12	7
Iñárritus	text_12	8
In	text_12	9
seinem	text_12	10
ersten	text_12	11
Film	text_12	12
dient	text_12	13
ein	text_12	14
Verkehrsunfall	text_12	15
als	text_12	16
Aufhänger	text_12	17
für	text_12	18
die	text_12	19
Handlung	text_12	20
Auch	text_12	21
in	text_12	22
seinem	text_12	23
zweiten	text_12	24
Film	text_12	25
ist	text_12	26
es	text_12	27
ein	text_12	28
Autounfall	text_12	29
der	text_12	30
die	text_12	31
Hauptfiguren	text_12	32
zueinander	text_12	33
führt	text_12	34
Nicht	text_12	35
überraschend	text_12	36
gibt	text_12	37
in	text_12	38
Babel	text_12	39
seinem	text_12	40
dritten	text_12	41
Film	text_12	42
ein	text_12	43
Unfall	text_12	44
den	text_12	45
Ausschlag	text_12	46
für	text_12	47
die	text_12	48
Kette	text_12	49
von	text_12	50
Ereignissen	text_12	51
Der	text_12	52
Film	text_12	53
beginnt	text_12	54
in	text_12	55
der	text_12	56
Wüste	text_12	57
Marokkos	text_12	58
wo	text_12	59
zwei	text_12	60
Jungen	text_12	61
von	text_12	62
ihrem	text_12	63
Vater	text_12	64
ein	text_12	65
Jagdgewehr	text_12	66
bekommen	text_12	67
um	text_12	68
damit	text_12	69
Kojoten	text_12	70
zu	text_12	71
vertreiben	text_12	72
Um	text_12	73
die	text_12	74
Reichweite	text_12	75
des	text_12	76
Gewehrs	text_12	77
zu	text_12	78
testen	text_12	79
zielen	text_12	80
die	text_12	81
Jungen	text_12	82
auf	text_12	83
einen	text_12	84
Touristenbus	text_12	85
Im	text_12	86
Bus	text_12	87
sitzt	text_12	88
ein	text_12	89
amerikanisches	text_12	90
Ehepaar	text_12	91
Richard	text_12	92
und	text_12	93
Susan	text_12	94
Jones	text_12	95
gespielt	text_12	96
von	text_12	97
Brad	text_12	98
Pitt	text_12	99
und	text_12	100
Cate	text_12	101
Blanchett	text_12	102
Der	text_12	103
Schuss	text_12	104
trifft	text_12	105
Susan	text_12	106
an	text_12	107
der	text_12	108
Schulter	text_12	109
Durch	text_12	110
Susans	text_12	111
Unfall	text_12	112
gerät	text_12	113
die	text_12	114
Planung	text_12	115
der	text_12	116
Kinderfrau	text_12	117
des	text_12	118
Ehepaars	text_12	119
in	text_12	120
den	text_12	121
USA	text_12	122
durcheinander	text_12	123
Sie	text_12	124
muss	text_12	125
zur	text_12	126
Hochzeit	text_12	127
ihres	text_12	128
Sohnes	text_12	129
nach	text_12	130
Mexiko	text_12	131
Kurzerhand	text_12	132
entschließt	text_12	133
sie	text_12	134
sich	text_12	135
die	text_12	136
Kinder	text_12	137
mit	text_12	138
nach	text_12	139
Mexiko	text_12	140
zu	text_12	141
nehmen	text_12	142
Eine	text_12	143
verhängnisvolle	text_12	144
Entscheidung	text_12	145
Auf	text_12	146
der	text_12	147
Rückfahrt	text_12	148
in	text_12	149
die	text_12	150
USA	text_12	151
kam	text_12	152
es	text_12	153
zu	text_12	154
einem	text_12	155
Zwischenfall	text_12	156
an	text_12	157
der	text_12	158
Grenze	text_12	159
und	text_12	160
in	text_12	161
Marokko	text_12	162
verläuft	text_12	163
die	text_12	164
Rettung	text_12	165
der	text_12	166
verletzten	text_12	167
Susan	text_12	168
schleppend	text_12	169
Kritiker	text_12	170
warfen	text_12	171
dem	text_12	172
Regisseur	text_12	173
vor	text_12	174
dass	text_12	175
er	text_12	176
sein	text_12	177
Publikum	text_12	178
mit	text_12	179
suggestiven	text_12	180
Bildern	text_12	181
und	text_12	182
eindrücklicher	text_12	183
Musik	text_12	184
so	text_12	185
fasziniert	text_12	186
dass	text_12	187
man	text_12	188
am	text_12	189
Ende	text_12	190
gar	text_12	191
nicht	text_12	192
merke	text_12	193
dass	text_12	194
es	text_12	195
im	text_12	196
Grunde	text_12	197
um	text_12	198
nichts	text_12	199
geht	text_12	200
als	text_12	201
Missverständnisse	text_12	202
Vielleicht	text_12	203
ist	text_12	204
es	text_12	205
aber	text_12	206
genau	text_12	207
diese	text_12	208
Einfachheit	text_12	209
die	text_12	210
Babel	text_12	211
zu	text_12	212
einem	text_12	213
interessanten	text_12	214
Film	text_12	215
macht	text_12	216
Nach	text_12	217
über	text_12	218
zwei	text_12	219
Stunden	text_12	220
komplexer	text_12	221
Handlung	text_12	222
steht	text_12	223
am	text_12	224
Ende	text_12	225
die	text_12	226
banale	text_12	227
Erkenntnis	text_12	228
dass	text_12	229
die	text_12	230
Menschen	text_12	231
sich	text_12	232
einfach	text_12	233
nicht	text_12	234
verstehen	text_12	235
Den	text_12	236
Filmtitel	text_12	237
entlieh	text_12	238
sich	text_12	239
der	text_12	240
Regisseur	text_12	241
der	text_12	242
Geschichte	text_12	243
vom	text_12	244
Turmbau	text_12	245
zu	text_12	246
Babel	text_12	247
aus	text_12	248
der	text_12	249
Bibel	text_12	250
Wütend	text_12	251
über	text_12	252
die	text_12	253
Menschen	text_12	254
die	text_12	255
ihren	text_12	256
Turm	text_12	257
bis	text_12	258
in	text_12	259
den	text_12	260
Himmel	text_12	261
errichten	text_12	262
wollen	text_12	263
verwirrt	text_12	264
Gott	text_12	265
die	text_12	266
bisher	text_12	267
einheitliche	text_12	268
Sprache	text_12	269
der	text_12	270
Menschen	text_12	271
und	text_12	272
verstreut	text_12	273
sie	text_12	274
über	text_12	275
die	text_12	276
Erde	text_12	277
Er	text_12	278
sorgte	text_12	279
so	text_12	280
für	text_12	281
die	text_12	282
Unfähigkeit	text_12	283
sich	text_12	284
miteinander	text_12	285
zu	text_12	286
verständigen	text_12	287
Und	text_12	288
daran	text_12	289
wird	text_12	290
sich	text_12	291
wohl	text_12	292
kaum	text_12	293
etwas	text_12	294
ändern	text_12	295
wenn	text_12	296
man	text_12	297
dem	text_12	298
Film	text_12	299
glaubt	text_12	300
Nina	text_13	1
ist	text_13	2
seit	text_13	3
22	text_13	4
Jahren	text_13	5
Schauspielerin	text_13	6
Nach	text_13	7
ihrem	text_13	8
ersten	text_13	9
Auftritt	text_13	10
in	text_13	11
einem	text_13	12
englischen	text_13	13
Film	text_13	14
bemühten	text_13	15
sich	text_13	16
immer	text_13	17
wieder	text_13	18
Regisseure	text_13	19
aus	text_13	20
Hollywood	text_13	21
um	text_13	22
sie	text_13	23
Aber	text_13	24
Nina	text_13	25
wollte	text_13	26
Kunst	text_13	27
nicht	text_13	28
Kitsch	text_13	29
Der	text_13	30
französische	text_13	31
Film	text_13	32
hatte	text_13	33
es	text_13	34
ihr	text_13	35
angetan	text_13	36
Der	text_13	37
russische	text_13	38
Film	text_13	39
ebenso	text_13	40
Was	text_13	41
war	text_13	42
im	text_13	43
Vergleich	text_13	44
schon	text_13	45
Hollywood	text_13	46
Die	text_13	47
Blondine	text_13	48
ahnte	text_13	49
was	text_13	50
ihr	text_13	51
dort	text_13	52
bevorstehen	text_13	53
würde	text_13	54
Eine	text_13	55
Karriere	text_13	56
als	text_13	57
Nazi	text_13	58
bis	text_13	59
in	text_13	60
alle	text_13	61
Ewigkeit	text_13	62
wie	text_13	63
sie	text_13	64
sagt	text_13	65
Steven	text_13	66
Spielberg	text_13	67
hat	text_13	68
sie	text_13	69
später	text_13	70
einmal	text_13	71
für	text_13	72
eine	text_13	73
Rolle	text_13	74
in	text_13	75
Schindlers	text_13	76
Liste	text_13	77
vorsprechen	text_13	78
lassen	text_13	79
und	text_13	80
ihr	text_13	81
Talent	text_13	82
gelobt	text_13	83
Letztlich	text_13	84
hat	text_13	85
er	text_13	86
sie	text_13	87
jedoch	text_13	88
nicht	text_13	89
engagiert	text_13	90
weil	text_13	91
die	text_13	92
Deutsche	text_13	93
ihm	text_13	94
nicht	text_13	95
jüdisch	text_13	96
genug	text_13	97
erschien	text_13	98
Seit	text_13	99
drei	text_13	100
Jahren	text_13	101
lebt	text_13	102
sie	text_13	103
nun	text_13	104
doch	text_13	105
in	text_13	106
Hollywood	text_13	107
Heute	text_13	108
träumt	text_13	109
sie	text_13	110
nicht	text_13	111
mehr	text_13	112
davon	text_13	113
Hollywood-Star	text_13	114
zu	text_13	115
werden	text_13	116
Mit	text_13	117
nahezu	text_13	118
40	text_13	119
wäre	text_13	120
das	text_13	121
wohl	text_13	122
reichlich	text_13	123
unrealistisch	text_13	124
meint	text_13	125
sie	text_13	126
selbstkritisch	text_13	127
Viele	text_13	128
kommen	text_13	129
mit	text_13	130
großen	text_13	131
Träumen	text_13	132
nach	text_13	133
Hollywood	text_13	134
und	text_13	135
erleben	text_13	136
dort	text_13	137
wie	text_13	138
Nina	text_13	139
die	text_13	140
Wirklichkeit	text_13	141
Sie	text_13	142
dürfen	text_13	143
den	text_13	144
Geschichten	text_13	145
jener	text_13	146
Männer	text_13	147
glauben	text_13	148
die	text_13	149
sich	text_13	150
als	text_13	151
Produzenten	text_13	152
ausgeben	text_13	153
oder	text_13	154
als	text_13	155
Regisseure	text_13	156
vorstellen	text_13	157
in	text_13	158
Wahrheit	text_13	159
aber	text_13	160
ihre	text_13	161
Kreditkarten-Rechnung	text_13	162
nicht	text_13	163
tilgen	text_13	164
und	text_13	165
die	text_13	166
Miete	text_13	167
nicht	text_13	168
zahlen	text_13	169
können	text_13	170
Jeder	text_13	171
kennt	text_13	172
die	text_13	173
Geschichten	text_13	174
von	text_13	175
berühmten	text_13	176
Schauspielern	text_13	177
die	text_13	178
vor	text_13	179
ihrem	text_13	180
Durchbruch	text_13	181
als	text_13	182
Nachtportiers	text_13	183
oder	text_13	184
Kofferträger	text_13	185
ihre	text_13	186
Dollars	text_13	187
verdienen	text_13	188
mussten	text_13	189
Neun	text_13	190
Jahre	text_13	191
hat	text_13	192
Vin	text_13	193
Diesel	text_13	194
in	text_13	195
einem	text_13	196
Club	text_13	197
als	text_13	198
Türsteher	text_13	199
gearbeitet	text_13	200
dann	text_13	201
kam	text_13	202
der	text_13	203
plötzliche	text_13	204
Ruhm	text_13	205
mit	text_13	206
The	text_13	207
Fast	text_13	208
And	text_13	209
The	text_13	210
Furious	text_13	211
Selbst	text_13	212
Whoopie	text_13	213
Goldberg	text_13	214
hat	text_13	215
in	text_13	216
früheren	text_13	217
Jahren	text_13	218
ihren	text_13	219
Unterhalt	text_13	220
als	text_13	221
Leichenkosmetikerin	text_13	222
verdient	text_13	223
Geschichten	text_13	224
wie	text_13	225
diese	text_13	226
geben	text_13	227
vielen	text_13	228
arbeitslosen	text_13	229
Schauspielern	text_13	230
Hoffnung	text_13	231
Nina	text_13	232
Franoszek	text_13	233
kann	text_13	234
immerhin	text_13	235
von	text_13	236
ihren	text_13	237
europäischen	text_13	238
Gagen	text_13	239
in	text_13	240
Kalifornien	text_13	241
leben	text_13	242
und	text_13	243
auf	text_13	244
Rollen	text_13	245
hoffen	text_13	246
Als	text_13	247
junge	text_13	248
Darstellerin	text_13	249
wollte	text_13	250
sie	text_13	251
jedoch	text_13	252
oft	text_13	253
aufhören	text_13	254
und	text_13	255
einen	text_13	256
ernsten	text_13	257
Beruf	text_13	258
ausüben	text_13	259
Sie	text_13	260
träumte	text_13	261
davon	text_13	262
für	text_13	263
das	text_13	264
Magazin	text_13	265
Geo	text_13	266
Reportagen	text_13	267
aus	text_13	268
der	text_13	269
weiten	text_13	270
Welt	text_13	271
zu	text_13	272
schreiben	text_13	273
Doch	text_13	274
immer	text_13	275
wieder	text_13	276
hat	text_13	277
sie	text_13	278
sich	text_13	279
zu	text_13	280
neuen	text_13	281
Rollen	text_13	282
überreden	text_13	283
lassen	text_13	284
Nun	text_13	285
denkt	text_13	286
sie	text_13	287
darüber	text_13	288
nach	text_13	289
wie	text_13	290
es	text_13	291
weitergehen	text_13	292
soll	text_13	293
Vor	text_13	294
der	text_13	295
Kamera	text_13	296
dahinter	text_13	297
oder	text_13	298
ganz	text_13	299
anders	text_13	300
Berlin	text_14	1
windig	text_14	2
zehn	text_14	3
Grad	text_14	4
Florence	text_14	5
Welch	text_14	6
gibt	text_14	7
auf	text_14	8
der	text_14	9
Dachterrasse	text_14	10
eines	text_14	11
Clubs	text_14	12
ein	text_14	13
kleines	text_14	14
Konzert	text_14	15
Die	text_14	16
25-jährige	text_14	17
Londonerin	text_14	18
tuschelt	text_14	19
mit	text_14	20
ihrem	text_14	21
Gitarristen	text_14	22
und	text_14	23
lacht	text_14	24
schallend	text_14	25
Sobald	text_14	26
das	text_14	27
Zeichen	text_14	28
zum	text_14	29
Spielen	text_14	30
gegeben	text_14	31
wird	text_14	32
ist	text_14	33
sie	text_14	34
sofort	text_14	35
wieder	text_14	36
hochkonzentriert	text_14	37
Zwei	text_14	38
Stunden	text_14	39
später	text_14	40
und	text_14	41
fünf	text_14	42
Kilometer	text_14	43
weiter	text_14	44
sitzt	text_14	45
sie	text_14	46
für	text_14	47
ein	text_14	48
Interview	text_14	49
an	text_14	50
einem	text_14	51
Tisch	text_14	52
Mit	text_14	53
ihrer	text_14	54
etwas	text_14	55
altmodischen	text_14	56
Art	text_14	57
ist	text_14	58
Welch	text_14	59
seit	text_14	60
2009	text_14	61
für	text_14	62
immer	text_14	63
mehr	text_14	64
Menschen	text_14	65
zu	text_14	66
einem	text_14	67
Popstar	text_14	68
geworden	text_14	69
Sie	text_14	70
nennt	text_14	71
sich	text_14	72
Florence	text_14	73
and	text_14	74
The	text_14	75
Machine	text_14	76
The	text_14	77
Machine	text_14	78
ist	text_14	79
dabei	text_14	80
keine	text_14	81
feste	text_14	82
Band	text_14	83
sondern	text_14	84
wer	text_14	85
sie	text_14	86
gerade	text_14	87
begleitet	text_14	88
Florence	text_14	89
ist	text_14	90
immer	text_14	91
die	text_14	92
Hauptperson	text_14	93
Ihr	text_14	94
Debütalbum	text_14	95
Lungs	text_14	96
schaffte	text_14	97
es	text_14	98
auf	text_14	99
Platz	text_14	100
eins	text_14	101
der	text_14	102
britischen	text_14	103
Charts	text_14	104
und	text_14	105
wurde	text_14	106
auch	text_14	107
in	text_14	108
den	text_14	109
USA	text_14	110
mit	text_14	111
einer	text_14	112
Goldenen	text_14	113
Schallplatte	text_14	114
ausgezeichnet	text_14	115
Zwei	text_14	116
Jahre	text_14	117
später	text_14	118
schaffte	text_14	119
es	text_14	120
Florence	text_14	121
Welch	text_14	122
sogar	text_14	123
auf	text_14	124
die	text_14	125
Liste	text_14	126
der	text_14	127
100	text_14	128
weltweit	text_14	129
einflussreichsten	text_14	130
Persönlichkeiten	text_14	131
des	text_14	132
Time	text_14	133
Magazine	text_14	134
Der	text_14	135
Durchbruch	text_14	136
in	text_14	137
den	text_14	138
USA	text_14	139
kam	text_14	140
nach	text_14	141
einem	text_14	142
spektakulären	text_14	143
Auftritt	text_14	144
bei	text_14	145
den	text_14	146
MTV	text_14	147
Video	text_14	148
Music	text_14	149
Awards	text_14	150
Florence	text_14	151
Welch	text_14	152
sang	text_14	153
dort	text_14	154
ihren	text_14	155
Song	text_14	156
Dog	text_14	157
Days	text_14	158
Are	text_14	159
Over	text_14	160
im	text_14	161
großen	text_14	162
Ballkleid	text_14	163
auf	text_14	164
einer	text_14	165
rotierenden	text_14	166
Scheibe	text_14	167
umringt	text_14	168
von	text_14	169
Tänzern	text_14	170
und	text_14	171
einem	text_14	172
Gospelchor	text_14	173
Danach	text_14	174
tauchten	text_14	175
ihre	text_14	176
Lieder	text_14	177
im	text_14	178
Soundtrack	text_14	179
etlicher	text_14	180
amerikanischer	text_14	181
Fernsehserien	text_14	182
auf	text_14	183
Welch	text_14	184
twittert	text_14	185
eifrig	text_14	186
tritt	text_14	187
bei	text_14	188
Mitarbeiterversammlungen	text_14	189
von	text_14	190
Google	text_14	191
auf	text_14	192
bei	text_14	193
der	text_14	194
Castingshow	text_14	195
X-Factor	text_14	196
und	text_14	197
bei	text_14	198
Modenschauen	text_14	199
von	text_14	200
Karl	text_14	201
Lagerfeld	text_14	202
Lungs	text_14	203
ihr	text_14	204
Debütalbum	text_14	205
war	text_14	206
ein	text_14	207
charmanter	text_14	208
Mix	text_14	209
aus	text_14	210
Blues	text_14	211
Disco	text_14	212
und	text_14	213
Soul	text_14	214
aufgenommen	text_14	215
in	text_14	216
verschiedenen	text_14	217
Studios	text_14	218
mit	text_14	219
unterschiedlichen	text_14	220
Produzenten	text_14	221
Die	text_14	222
Lieder	text_14	223
habe	text_14	224
ich	text_14	225
im	text_14	226
Alter	text_14	227
von	text_14	228
17	text_14	229
bis	text_14	230
22	text_14	231
Jahren	text_14	232
geschrieben	text_14	233
sagt	text_14	234
Welch	text_14	235
Diesmal	text_14	236
wollte	text_14	237
ich	text_14	238
ein	text_14	239
einheitliches	text_14	240
Werk	text_14	241
Ich	text_14	242
wollte	text_14	243
einen	text_14	244
bestimmten	text_14	245
Zeitpunkt	text_14	246
in	text_14	247
meinem	text_14	248
Leben	text_14	249
festhalten	text_14	250
Also	text_14	251
nahm	text_14	252
sie	text_14	253
ihr	text_14	254
neues	text_14	255
Album	text_14	256
ausschließlich	text_14	257
im	text_14	258
Abbey-Road-Studio	text_14	259
und	text_14	260
mit	text_14	261
nur	text_14	262
einem	text_14	263
Produzenten	text_14	264
auf	text_14	265
Darauf	text_14	266
ist	text_14	267
eindrucksvolle	text_14	268
Musik	text_14	269
zu	text_14	270
hören	text_14	271
mit	text_14	272
bewegenden	text_14	273
Texten	text_14	274
über	text_14	275
Bedauern	text_14	276
Betrug	text_14	277
oder	text_14	278
Begräbnisse	text_14	279
Welch	text_14	280
erschafft	text_14	281
in	text_14	282
ihrer	text_14	283
Musik	text_14	284
eine	text_14	285
eigene	text_14	286
Welt	text_14	287
Und	text_14	288
das	text_14	289
Musikmagazin	text_14	290
Rolling	text_14	291
Stone	text_14	292
sieht	text_14	293
sie	text_14	294
auf	text_14	295
dem	text_14	296
Weg	text_14	297
zu	text_14	298
U2-artiger	text_14	299
Popularität	text_14	300
Es	text_15	1
ist	text_15	2
eine	text_15	3
kuriose	text_15	4
Truppe	text_15	5
die	text_15	6
an	text_15	7
einem	text_15	8
Montag	text_15	9
Abend	text_15	10
mit	text_15	11
der	text_15	12
Eisenbahn	text_15	13
aufbricht	text_15	14
Für	text_15	15
je	text_15	16
einen	text_15	17
Schilling	text_15	18
hat	text_15	19
der	text_15	20
Prediger	text_15	21
Thomas	text_15	22
Cook	text_15	23
die	text_15	24
Fahrkarten	text_15	25
verkauft	text_15	26
Auf	text_15	27
Flugblättern	text_15	28
warb	text_15	29
er	text_15	30
für	text_15	31
seinen	text_15	32
Ausflug	text_15	33
mit	text_15	34
dem	text_15	35
Ziel	text_15	36
einer	text_15	37
Kundgebung	text_15	38
gegen	text_15	39
Alkohol	text_15	40
Damit	text_15	41
beginnt	text_15	42
die	text_15	43
Geschichte	text_15	44
des	text_15	45
Massentourismus	text_15	46
Die	text_15	47
Eisenbahn	text_15	48
ein	text_15	49
neues	text_15	50
Verkehrsmittel	text_15	51
ermöglichte	text_15	52
es	text_15	53
erstmals	text_15	54
auch	text_15	55
weniger	text_15	56
wohlhabenden	text_15	57
Menschen	text_15	58
zu	text_15	59
reisen	text_15	60
Erst	text_15	61
vier	text_15	62
Jahre	text_15	63
nach	text_15	64
dieser	text_15	65
Reise	text_15	66
organisierte	text_15	67
Cook	text_15	68
seine	text_15	69
ersten	text_15	70
eigenen	text_15	71
Touren	text_15	72
Doch	text_15	73
bereits	text_15	74
nach	text_15	75
einem	text_15	76
Jahr	text_15	77
meldet	text_15	78
er	text_15	79
Insolvenz	text_15	80
an	text_15	81
Rasch	text_15	82
erholt	text_15	83
er	text_15	84
sich	text_15	85
jedoch	text_15	86
von	text_15	87
diesem	text_15	88
Rückschlag	text_15	89
Seine	text_15	90
Reiseangebote	text_15	91
werden	text_15	92
immer	text_15	93
ehrgeiziger	text_15	94
Bergtouren	text_15	95
in	text_15	96
den	text_15	97
Alpen	text_15	98
Bildungsreisen	text_15	99
nach	text_15	100
Italien	text_15	101
und	text_15	102
Griechenland	text_15	103
zu	text_15	104
antiken	text_15	105
Sehenswürdigkeiten	text_15	106
Reisen	text_15	107
war	text_15	108
lange	text_15	109
Zeit	text_15	110
nur	text_15	111
ein	text_15	112
Privileg	text_15	113
des	text_15	114
britischen	text_15	115
Adels	text_15	116
Cooks	text_15	117
Kunden	text_15	118
hingegen	text_15	119
kommen	text_15	120
aus	text_15	121
der	text_15	122
Mittelschicht	text_15	123
Sein	text_15	124
Konzept	text_15	125
macht	text_15	126
das	text_15	127
Reisen	text_15	128
einfach	text_15	129
und	text_15	130
zugänglich	text_15	131
Doch	text_15	132
ist	text_15	133
Thomas	text_15	134
Cook	text_15	135
tatsächlich	text_15	136
der	text_15	137
Begründer	text_15	138
des	text_15	139
Massentourismus	text_15	140
Der	text_15	141
Ruf	text_15	142
Cooks	text_15	143
als	text_15	144
Pionier	text_15	145
des	text_15	146
Massentourismus	text_15	147
geht	text_15	148
darauf	text_15	149
zurück	text_15	150
dass	text_15	151
er	text_15	152
nach	text_15	153
seinem	text_15	154
Tod	text_15	155
gezielt	text_15	156
als	text_15	157
Ikone	text_15	158
vermarktet	text_15	159
wurde	text_15	160
Die	text_15	161
Archive	text_15	162
seines	text_15	163
Unternehmens	text_15	164
sind	text_15	165
bis	text_15	166
heute	text_15	167
erhalten	text_15	168
geblieben	text_15	169
Im	text_15	170
April	text_15	171
1865	text_15	172
eröffnet	text_15	173
Cook	text_15	174
in	text_15	175
London	text_15	176
sein	text_15	177
erstes	text_15	178
Büro	text_15	179
Einige	text_15	180
Jahre	text_15	181
später	text_15	182
übergibt	text_15	183
er	text_15	184
die	text_15	185
Geschäftsleitung	text_15	186
an	text_15	187
seinen	text_15	188
Sohn	text_15	189
John	text_15	190
Mason	text_15	191
Cook	text_15	192
Mit	text_15	193
63	text_15	194
Jahren	text_15	195
erfüllt	text_15	196
sich	text_15	197
Thomas	text_15	198
Cook	text_15	199
einen	text_15	200
langgehegten	text_15	201
Traum	text_15	202
Er	text_15	203
unternimmt	text_15	204
mit	text_15	205
einer	text_15	206
kleinen	text_15	207
Reisegruppe	text_15	208
eine	text_15	209
Weltumrundung	text_15	210
Diese	text_15	211
Weltreise	text_15	212
dauert	text_15	213
222	text_15	214
Tage	text_15	215
und	text_15	216
die	text_15	217
Gruppe	text_15	218
legt	text_15	219
mehr	text_15	220
als	text_15	221
40	text_15	222
Kilometer	text_15	223
zurück	text_15	224
Währenddessen	text_15	225
vergrößert	text_15	226
sein	text_15	227
Sohn	text_15	228
das	text_15	229
Unternehmen	text_15	230
erheblich	text_15	231
was	text_15	232
zu	text_15	233
immer	text_15	234
häufigeren	text_15	235
Konflikten	text_15	236
zwischen	text_15	237
Vater	text_15	238
und	text_15	239
Sohn	text_15	240
führt	text_15	241
Schließlich	text_15	242
wird	text_15	243
Thomas	text_15	244
Cook	text_15	245
aus	text_15	246
der	text_15	247
Firma	text_15	248
gedrängt	text_15	249
und	text_15	250
zieht	text_15	251
sich	text_15	252
in	text_15	253
seine	text_15	254
ländliche	text_15	255
Heimat	text_15	256
zurück	text_15	257
Sein	text_15	258
Sohn	text_15	259
erweitert	text_15	260
die	text_15	261
Geschäfte	text_15	262
in	text_15	263
das	text_15	264
Ausland	text_15	265
In	text_15	266
seinem	text_15	267
ländlichen	text_15	268
Exil	text_15	269
erblindet	text_15	270
Cook	text_15	271
allmählich	text_15	272
und	text_15	273
stirbt	text_15	274
schließlich	text_15	275
nach	text_15	276
einem	text_15	277
Schlaganfall	text_15	278
Sein	text_15	279
Sohn	text_15	280
überlebt	text_15	281
ihn	text_15	282
nur	text_15	283
um	text_15	284
sieben	text_15	285
Jahre	text_15	286
Später	text_15	287
verkaufen	text_15	288
die	text_15	289
Enkel	text_15	290
von	text_15	291
Thomas	text_15	292
Cook	text_15	293
das	text_15	294
Familienunternehmen	text_15	295
an	text_15	296
die	text_15	297
Betreiber	text_15	298
des	text_15	299
Orient-Express	text_15	300
Der	text_16	1
französische	text_16	2
Abenteurer	text_16	3
François	text_16	4
Pyrard	text_16	5
wollte	text_16	6
im	text_16	7
Jahr	text_16	8
1602	text_16	9
nach	text_16	10
Indien	text_16	11
segeln	text_16	12
als	text_16	13
sein	text_16	14
Schiff	text_16	15
auf	text_16	16
offener	text_16	17
See	text_16	18
den	text_16	19
Geist	text_16	20
aufgab	text_16	21
Pyrard	text_16	22
musste	text_16	23
sich	text_16	24
mit	text_16	25
seiner	text_16	26
Mannschaft	text_16	27
auf	text_16	28
die	text_16	29
Malediven	text_16	30
retten	text_16	31
Nach	text_16	32
ihrer	text_16	33
Reise	text_16	34
berichteten	text_16	35
Pyrard	text_16	36
und	text_16	37
seine	text_16	38
Crew	text_16	39
von	text_16	40
einer	text_16	41
merkwürdigen	text_16	42
riesigen	text_16	43
Frucht	text_16	44
Dabei	text_16	45
handelte	text_16	46
es	text_16	47
sich	text_16	48
um	text_16	49
die	text_16	50
Frucht	text_16	51
der	text_16	52
Seychellen-Palme	text_16	53
eine	text_16	54
der	text_16	55
seltensten	text_16	56
Palmen-Arten	text_16	57
des	text_16	58
Planeten	text_16	59
Die	text_16	60
Frucht	text_16	61
entwickelt	text_16	62
sich	text_16	63
aus	text_16	64
bereits	text_16	65
bis	text_16	66
zu	text_16	67
zwanzig	text_16	68
Kilo	text_16	69
schweren	text_16	70
Samen	text_16	71
zur	text_16	72
Nuss	text_16	73
die	text_16	74
schließlich	text_16	75
bis	text_16	76
zu	text_16	77
vier	text_16	78
Mal	text_16	79
so	text_16	80
groß	text_16	81
wie	text_16	82
eine	text_16	83
Kokosnuss	text_16	84
werden	text_16	85
kann	text_16	86
Im	text_16	87
Botanischen	text_16	88
Garten	text_16	89
von	text_16	90
Berlin	text_16	91
keimt	text_16	92
nun	text_16	93
solch	text_16	94
eine	text_16	95
Nuss	text_16	96
Das	text_16	97
erste	text_16	98
Mal	text_16	99
seit	text_16	100
80	text_16	101
Jahren	text_16	102
könnte	text_16	103
damit	text_16	104
eine	text_16	105
Seychellen-Palme	text_16	106
in	text_16	107
der	text_16	108
Hauptstadt	text_16	109
wachsen	text_16	110
Sie	text_16	111
ist	text_16	112
wie	text_16	113
der	text_16	114
Pandabär	text_16	115
des	text_16	116
Pflanzenreichs	text_16	117
das	text_16	118
Symbol	text_16	119
einer	text_16	120
gefährdeten	text_16	121
Art	text_16	122
Insgesamt	text_16	123
gibt	text_16	124
es	text_16	125
wohl	text_16	126
nur	text_16	127
noch	text_16	128
rund	text_16	129
8200	text_16	130
Pflanzen	text_16	131
Die	text_16	132
riesigen	text_16	133
Bäume	text_16	134
haben	text_16	135
ein	text_16	136
außergewöhnlich	text_16	137
kompliziertes	text_16	138
Liebesleben	text_16	139
Das	text_16	140
ist	text_16	141
wohl	text_16	142
auch	text_16	143
der	text_16	144
Grund	text_16	145
dafür	text_16	146
warum	text_16	147
sie	text_16	148
so	text_16	149
selten	text_16	150
sind	text_16	151
Zum	text_16	152
einen	text_16	153
gehen	text_16	154
die	text_16	155
riesigen	text_16	156
Samen	text_16	157
der	text_16	158
Pflanze	text_16	159
im	text_16	160
Wasser	text_16	161
unter	text_16	162
Zum	text_16	163
anderen	text_16	164
gibt	text_16	165
es	text_16	166
männliche	text_16	167
und	text_16	168
weibliche	text_16	169
Exemplare	text_16	170
wobei	text_16	171
nur	text_16	172
letztere	text_16	173
die	text_16	174
Samen	text_16	175
tragen	text_16	176
Es	text_16	177
dauert	text_16	178
insgesamt	text_16	179
sieben	text_16	180
Jahre	text_16	181
bis	text_16	182
die	text_16	183
Nüsse	text_16	184
reif	text_16	185
sind	text_16	186
und	text_16	187
schließlich	text_16	188
zu	text_16	189
Boden	text_16	190
fallen	text_16	191
Mit	text_16	192
etwas	text_16	193
Glück	text_16	194
keimen	text_16	195
sie	text_16	196
dort	text_16	197
Die	text_16	198
männlichen	text_16	199
Bäume	text_16	200
liefern	text_16	201
die	text_16	202
Pollen	text_16	203
zur	text_16	204
Bestäubung	text_16	205
deren	text_16	206
genauer	text_16	207
Ablauf	text_16	208
jedoch	text_16	209
noch	text_16	210
weitgehend	text_16	211
ungeklärt	text_16	212
ist	text_16	213
Immer	text_16	214
wieder	text_16	215
sind	text_16	216
die	text_16	217
Berliner	text_16	218
an	text_16	219
dieser	text_16	220
Zucht	text_16	221
gescheitert	text_16	222
Im	text_16	223
Großen	text_16	224
Tropenhaus	text_16	225
haben	text_16	226
sie	text_16	227
nun	text_16	228
extra	text_16	229
eine	text_16	230
spezielle	text_16	231
Beet-Heizung	text_16	232
im	text_16	233
Boden	text_16	234
versenkt	text_16	235
Ohne	text_16	236
Technik	text_16	237
geht	text_16	238
es	text_16	239
nicht	text_16	240
Die	text_16	241
Seychellen-Palme	text_16	242
braucht	text_16	243
einen	text_16	244
warmen	text_16	245
Fuß	text_16	246
erklärt	text_16	247
die	text_16	248
zuständige	text_16	249
Gärtnerin	text_16	250
Kritisch	text_16	251
wird	text_16	252
es	text_16	253
wenn	text_16	254
die	text_16	255
Palme	text_16	256
die	text_16	257
Nährstoffe	text_16	258
in	text_16	259
der	text_16	260
Nuss	text_16	261
aufgebraucht	text_16	262
hat	text_16	263
und	text_16	264
sich	text_16	265
auf	text_16	266
ihre	text_16	267
eigenen	text_16	268
Wurzeln	text_16	269
verlassen	text_16	270
muss	text_16	271
Erst	text_16	272
in	text_16	273
einigen	text_16	274
Jahren	text_16	275
wird	text_16	276
die	text_16	277
Palme	text_16	278
einen	text_16	279
Stamm	text_16	280
entwickeln	text_16	281
und	text_16	282
ihr	text_16	283
Geschlecht	text_16	284
zeigen	text_16	285
Vorerst	text_16	286
bleibt	text_16	287
den	text_16	288
Berlinern	text_16	289
nur	text_16	290
zu	text_16	291
hoffen	text_16	292
dass	text_16	293
diese	text_16	294
besondere	text_16	295
Pflanze	text_16	296
bei	text_16	297
ihnen	text_16	298
durchhalten	text_16	299
wird	text_16	300
Die	text_17	1
Hinweise	text_17	2
darauf	text_17	3
dass	text_17	4
es	text_17	5
auf	text_17	6
dem	text_17	7
Mars	text_17	8
Wasser	text_17	9
und	text_17	10
damit	text_17	11
vielleicht	text_17	12
sogar	text_17	13
Leben	text_17	14
gab	text_17	15
nehmen	text_17	16
immer	text_17	17
weiter	text_17	18
zu	text_17	19
Geologen	text_17	20
haben	text_17	21
auf	text_17	22
Satellitenaufnahmen	text_17	23
drei	text_17	24
Milliarden	text_17	25
Jahre	text_17	26
alte	text_17	27
Seenbecken	text_17	28
entdeckt	text_17	29
Diese	text_17	30
liegen	text_17	31
in	text_17	32
der	text_17	33
Äquatorregion	text_17	34
Ares	text_17	35
Vallis	text_17	36
Das	text_17	37
britische	text_17	38
Forscherteam	text_17	39
von	text_17	40
Nicholas	text_17	41
Warner	text_17	42
und	text_17	43
Jan-Peter	text_17	44
Muller	text_17	45
hat	text_17	46
dazu	text_17	47
Bilder	text_17	48
dieser	text_17	49
Region	text_17	50
untersucht	text_17	51
Bisher	text_17	52
glaubte	text_17	53
man	text_17	54
die	text_17	55
Vertiefungen	text_17	56
seien	text_17	57
durch	text_17	58
verdunstetes	text_17	59
Eis	text_17	60
entstanden	text_17	61
Dieses	text_17	62
Eis	text_17	63
sollte	text_17	64
nie	text_17	65
flüssig	text_17	66
gewesen	text_17	67
sein	text_17	68
Neue	text_17	69
Bilder	text_17	70
zeigen	text_17	71
jedoch	text_17	72
dass	text_17	73
die	text_17	74
Seen	text_17	75
durch	text_17	76
Flüsse	text_17	77
verbunden	text_17	78
waren	text_17	79
Das	text_17	80
deutet	text_17	81
darauf	text_17	82
hin	text_17	83
dass	text_17	84
fließendes	text_17	85
Wasser	text_17	86
diese	text_17	87
Vertiefungen	text_17	88
geformt	text_17	89
hat	text_17	90
Man	text_17	91
geht	text_17	92
davon	text_17	93
aus	text_17	94
dass	text_17	95
einzelne	text_17	96
Gewässer	text_17	97
mit	text_17	98
der	text_17	99
Zeit	text_17	100
über	text_17	101
liefen	text_17	102
so	text_17	103
dass	text_17	104
sich	text_17	105
das	text_17	106
Wasser	text_17	107
durch	text_17	108
den	text_17	109
Marsboden	text_17	110
grub	text_17	111
Diese	text_17	112
Landschaft	text_17	113
ähnelt	text_17	114
den	text_17	115
Thermokarst-Gebieten	text_17	116
in	text_17	117
Alaska	text_17	118
und	text_17	119
Sibirien	text_17	120
Dort	text_17	121
entstehen	text_17	122
ähnliche	text_17	123
verzweigte	text_17	124
Seen	text_17	125
durch	text_17	126
schmelzenden	text_17	127
Permafrost	text_17	128
Interessant	text_17	129
ist	text_17	130
auch	text_17	131
das	text_17	132
Alter	text_17	133
der	text_17	134
nun	text_17	135
gefundenen	text_17	136
Seenbecken	text_17	137
auf	text_17	138
dem	text_17	139
Mars	text_17	140
die	text_17	141
rund	text_17	142
drei	text_17	143
Milliarden	text_17	144
Jahre	text_17	145
alt	text_17	146
sein	text_17	147
sollen	text_17	148
Das	text_17	149
haben	text_17	150
Geologen	text_17	151
durch	text_17	152
die	text_17	153
Zählung	text_17	154
von	text_17	155
Kratern	text_17	156
geschätzt	text_17	157
Bisher	text_17	158
ging	text_17	159
man	text_17	160
davon	text_17	161
aus	text_17	162
dass	text_17	163
der	text_17	164
Mars	text_17	165
zuletzt	text_17	166
vor	text_17	167
38	text_17	168
Milliarden	text_17	169
Jahren	text_17	170
eine	text_17	171
feuchtwarme	text_17	172
Phase	text_17	173
hatte	text_17	174
und	text_17	175
dann	text_17	176
den	text_17	177
Großteil	text_17	178
seiner	text_17	179
Atmosphäre	text_17	180
verlor	text_17	181
Seitdem	text_17	182
galt	text_17	183
der	text_17	184
Mars	text_17	185
als	text_17	186
zu	text_17	187
kalt	text_17	188
und	text_17	189
die	text_17	190
Atmosphäre	text_17	191
zu	text_17	192
dünn	text_17	193
für	text_17	194
flüssiges	text_17	195
Wasser	text_17	196
Die	text_17	197
Geologen	text_17	198
vermuten	text_17	199
dass	text_17	200
Vulkane	text_17	201
Meteoriteneinschläge	text_17	202
oder	text_17	203
eine	text_17	204
Veränderung	text_17	205
der	text_17	206
Mars-Umlaufbahn	text_17	207
um	text_17	208
die	text_17	209
Sonne	text_17	210
für	text_17	211
das	text_17	212
Wasser	text_17	213
verantwortlich	text_17	214
sein	text_17	215
könnten	text_17	216
Die	text_17	217
Ergebnisse	text_17	218
der	text_17	219
Forscher	text_17	220
könnten	text_17	221
auch	text_17	222
für	text_17	223
die	text_17	224
Suche	text_17	225
nach	text_17	226
Leben	text_17	227
auf	text_17	228
dem	text_17	229
Mars	text_17	230
bedeutsam	text_17	231
sein	text_17	232
So	text_17	233
könnte	text_17	234
es	text_17	235
in	text_17	236
den	text_17	237
Seen	text_17	238
einmal	text_17	239
mikrobielles	text_17	240
Leben	text_17	241
gegeben	text_17	242
haben	text_17	243
Die	text_17	244
britischen	text_17	245
Forscher	text_17	246
sind	text_17	247
jedoch	text_17	248
nicht	text_17	249
die	text_17	250
Ersten	text_17	251
die	text_17	252
Hinweise	text_17	253
auf	text_17	254
Wasservorkommen	text_17	255
auf	text_17	256
dem	text_17	257
Mars	text_17	258
gefunden	text_17	259
haben	text_17	260
Bereits	text_17	261
2008	text_17	262
wurde	text_17	263
Eis	text_17	264
im	text_17	265
Sand	text_17	266
des	text_17	267
Planeten	text_17	268
ausgegraben	text_17	269
Und	text_17	270
auch	text_17	271
2006	text_17	272
zeigte	text_17	273
die	text_17	274
Nasa-Sonde	text_17	275
MRO	text_17	276
schon	text_17	277
erste	text_17	278
Flüsse	text_17	279
auf	text_17	280
dem	text_17	281
Mars	text_17	282
Ziel	text_17	283
des	text_17	284
britischen	text_17	285
Forscherteams	text_17	286
wird	text_17	287
es	text_17	288
nun	text_17	289
sein	text_17	290
die	text_17	291
Verbreitung	text_17	292
der	text_17	293
Seenlandschaften	text_17	294
auf	text_17	295
dem	text_17	296
Planeten	text_17	297
näher	text_17	298
zu	text_17	299
bestimmen	text_17	300
Der	text_18	1
französische	text_18	2
Abenteurer	text_18	3
Leo	text_18	4
Valentin	text_18	5
wollte	text_18	6
beweisen	text_18	7
dass	text_18	8
Menschen	text_18	9
wie	text_18	10
Vögel	text_18	11
fliegen	text_18	12
können	text_18	13
Damit	text_18	14
wollte	text_18	15
er	text_18	16
einen	text_18	17
der	text_18	18
großen	text_18	19
Träume	text_18	20
der	text_18	21
Menschheitsgeschichte	text_18	22
wahrmachen	text_18	23
Mit	text_18	24
selbstgebauten	text_18	25
Flügeln	text_18	26
und	text_18	27
einem	text_18	28
Notfallschirm	text_18	29
auf	text_18	30
dem	text_18	31
Rücken	text_18	32
sprang	text_18	33
er	text_18	34
mutig	text_18	35
aus	text_18	36
Flugzeugen	text_18	37
1954	text_18	38
behauptete	text_18	39
er	text_18	40
fast	text_18	41
fünf	text_18	42
Kilometer	text_18	43
weit	text_18	44
mit	text_18	45
seiner	text_18	46
Konstruktion	text_18	47
gesegelt	text_18	48
und	text_18	49
unverletzt	text_18	50
gelandet	text_18	51
zu	text_18	52
sein	text_18	53
Die	text_18	54
Menschen	text_18	55
glaubten	text_18	56
ihm	text_18	57
und	text_18	58
die	text_18	59
Presse	text_18	60
feierte	text_18	61
ihn	text_18	62
als	text_18	63
Birdman	text_18	64
In	text_18	65
den	text_18	66
1950er-Jahren	text_18	67
schien	text_18	68
alles	text_18	69
möglich	text_18	70
Das	text_18	71
Fernsehen	text_18	72
brachte	text_18	73
die	text_18	74
Welt	text_18	75
auf	text_18	76
wundersame	text_18	77
Weise	text_18	78
in	text_18	79
jedes	text_18	80
Wohnzimmer	text_18	81
Die	text_18	82
Menschheit	text_18	83
stand	text_18	84
kurz	text_18	85
vor	text_18	86
der	text_18	87
Eroberung	text_18	88
des	text_18	89
Alls	text_18	90
und	text_18	91
Plastik	text_18	92
galt	text_18	93
als	text_18	94
der	text_18	95
Stoff	text_18	96
der	text_18	97
Zukunft	text_18	98
Diese	text_18	99
Euphorie	text_18	100
brachte	text_18	101
immer	text_18	102
mehr	text_18	103
Menschen	text_18	104
dazu	text_18	105
neue	text_18	106
Dinge	text_18	107
zu	text_18	108
erfinden	text_18	109
die	text_18	110
die	text_18	111
Welt	text_18	112
verändern	text_18	113
sollten	text_18	114
Nicht	text_18	115
alle	text_18	116
dieser	text_18	117
Erfinder	text_18	118
waren	text_18	119
dabei	text_18	120
Ingenieure	text_18	121
oder	text_18	122
Wissenschaftler	text_18	123
Doch	text_18	124
was	text_18	125
ihnen	text_18	126
an	text_18	127
Fachwissen	text_18	128
fehlte	text_18	129
glichen	text_18	130
sie	text_18	131
mit	text_18	132
viel	text_18	133
Kreativität	text_18	134
aus	text_18	135
Einer	text_18	136
der	text_18	137
kreativen	text_18	138
Erfinder	text_18	139
entwickelte	text_18	140
eine	text_18	141
besondere	text_18	142
Vorrichtung	text_18	143
die	text_18	144
Erbsen	text_18	145
auf	text_18	146
der	text_18	147
Gabel	text_18	148
halten	text_18	149
sollte	text_18	150
Er	text_18	151
hatte	text_18	152
sich	text_18	153
zuvor	text_18	154
immer	text_18	155
darüber	text_18	156
geärgert	text_18	157
dass	text_18	158
das	text_18	159
Gemüse	text_18	160
ihm	text_18	161
ständig	text_18	162
von	text_18	163
der	text_18	164
Gabel	text_18	165
fiel	text_18	166
Aber	text_18	167
auch	text_18	168
für	text_18	169
Probleme	text_18	170
von	text_18	171
denen	text_18	172
die	text_18	173
Welt	text_18	174
gar	text_18	175
nichts	text_18	176
wusste	text_18	177
wurden	text_18	178
Lösungen	text_18	179
gefunden	text_18	180
So	text_18	181
entwickelte	text_18	182
ein	text_18	183
anderer	text_18	184
das	text_18	185
Jodelmeter	text_18	186
Dieses	text_18	187
Messgerät	text_18	188
zeigte	text_18	189
auf	text_18	190
einer	text_18	191
Skala	text_18	192
von	text_18	193
eins	text_18	194
bis	text_18	195
hundert	text_18	196
die	text_18	197
Qualität	text_18	198
des	text_18	199
Jodelns	text_18	200
an	text_18	201
Andere	text_18	202
Hobby-Erfinder	text_18	203
entwickelten	text_18	204
miauende	text_18	205
Holzboxen	text_18	206
die	text_18	207
Mäuse	text_18	208
vertreiben	text_18	209
sollten	text_18	210
Auch	text_18	211
ein	text_18	212
Adapter	text_18	213
der	text_18	214
es	text_18	215
ermöglichen	text_18	216
sollte	text_18	217
zu	text_18	218
zweit	text_18	219
an	text_18	220
einer	text_18	221
Zigarette	text_18	222
zu	text_18	223
ziehen	text_18	224
wurde	text_18	225
erfunden	text_18	226
Es	text_18	227
gab	text_18	228
sogar	text_18	229
ein	text_18	230
Gerät	text_18	231
das	text_18	232
angeblich	text_18	233
die	text_18	234
Schmerzen	text_18	235
von	text_18	236
Tomaten	text_18	237
messen	text_18	238
sollte	text_18	239
während	text_18	240
diese	text_18	241
in	text_18	242
Scheiben	text_18	243
geschnitten	text_18	244
wurden	text_18	245
Zum	text_18	246
Glück	text_18	247
waren	text_18	248
nur	text_18	249
wenige	text_18	250
dieser	text_18	251
Erfindungen	text_18	252
so	text_18	253
gefährlich	text_18	254
wie	text_18	255
die	text_18	256
von	text_18	257
Leo	text_18	258
Valentin	text_18	259
Bei	text_18	260
einer	text_18	261
Flugshow	text_18	262
in	text_18	263
Liverpool	text_18	264
wollte	text_18	265
Valentin	text_18	266
einmal	text_18	267
mehr	text_18	268
sein	text_18	269
Können	text_18	270
zeigen	text_18	271
Doch	text_18	272
nach	text_18	273
dem	text_18	274
Absprung	text_18	275
stieß	text_18	276
einer	text_18	277
seiner	text_18	278
Flügel	text_18	279
an	text_18	280
das	text_18	281
Flugzeug	text_18	282
Ein	text_18	283
Stück	text_18	284
brach	text_18	285
daraufhin	text_18	286
ab	text_18	287
und	text_18	288
sein	text_18	289
Fallschirm	text_18	290
versagte	text_18	291
Und	text_18	292
so	text_18	293
endete	text_18	294
das	text_18	295
letzte	text_18	296
Abenteuer	text_18	297
des	text_18	298
Vogelmenschen	text_18	299
tragisch	text_18	300
